Age,Sex,Height(m),Weight(kg),BMI,Max_BPM,Avg_BPM,Resting_BPM,Workout_Type,Session_Duration(hours),Calories_Burned,Fat_Percentage,Water_Intake(liters),Workout_Frequency(days/week),Experience_Level,Workout_Type_Num,Fitness_Goal,Fitness_Goal_Num
33,Female,1.61,60.6,23.38,187,133,68,Cardio,1.39,555,9.9,1.5,3,1,0,Weight Loss,0
18,Female,1.71,73.8,25.24,202,137,55,Strength,1.74,739,15.6,2.2,3,2,2,Endurance,2
36,Female,1.6,93.0,36.33,184,173,54,HIIT,1.25,1102,17.7,1.9,3,1,1,Muscle Gain,1
33,Male,1.67,97.2,34.85,187,126,55,Cardio,1.55,1142,12.7,1.3,4,2,0,Weight Loss,0
31,Male,1.91,70.1,19.22,189,75,59,Yoga,1.7,333,32.1,2.7,4,1,3,Weight Loss,0
42,Female,1.72,83.4,28.19,178,119,57,Cardio,1.35,851,20.9,2.6,4,3,0,Endurance,2
25,Female,1.6,45.0,17.58,195,149,56,Cardio,1.23,408,26.4,2.2,2,2,0,Maintenance,4
35,Female,1.63,60.5,22.77,185,132,72,Cardio,1.62,688,7.2,2.7,3,1,0,Weight Loss,0
41,Male,1.73,99.2,33.15,179,121,60,Cardio,1.62,1199,18.9,2.2,4,3,0,Endurance,2
32,Male,1.71,84.4,28.86,188,131,59,Cardio,1.53,872,14.3,3.2,2,2,0,Muscle Gain,1
18,Female,1.65,63.2,23.21,202,85,60,Yoga,1.65,306,25.1,2.5,3,2,3,Maintenance,4
36,Male,1.8,75.1,23.18,184,74,72,Yoga,1.22,279,12.1,1.4,2,1,3,Muscle Gain,1
42,Female,1.53,46.2,19.74,178,161,53,HIIT,1.34,640,12.9,1.8,3,3,1,Flexibility,3
28,Male,1.66,80.4,29.18,192,163,61,HIIT,0.96,708,25.1,2.6,2,1,1,Weight Loss,0
26,Male,1.89,93.5,26.18,194,85,56,Yoga,1.34,329,21.7,2.2,4,2,3,Weight Loss,0
38,Female,1.58,70.7,28.32,182,152,59,HIIT,1.1,736,11.0,2.4,3,2,1,Weight Loss,0
29,Female,1.71,64.5,22.06,191,79,62,Yoga,1.51,255,20.1,2.6,5,2,3,Flexibility,3
41,Female,1.62,51.9,19.78,179,132,49,Cardio,1.65,703,18.5,2.7,5,3,0,Muscle Gain,1
31,Male,1.73,57.9,19.35,189,130,58,Strength,1.66,567,13.6,3.4,5,3,2,Muscle Gain,1
37,Male,1.87,67.8,19.39,183,134,55,Cardio,1.7,778,22.0,2.2,4,2,0,Muscle Gain,1
41,Male,1.78,96.8,30.55,179,118,64,Strength,1.26,652,16.2,2.8,3,2,2,Flexibility,3
56,Male,1.8,84.6,26.11,164,71,48,Yoga,0.87,217,15.3,3.1,2,1,3,Muscle Gain,1
34,Male,1.62,77.7,29.61,186,141,54,Cardio,1.4,743,15.7,2.3,5,2,0,Muscle Gain,1
22,Female,1.71,66.4,22.71,198,84,61,Yoga,0.98,172,17.6,2.3,4,1,3,Weight Loss,0
36,Female,1.74,45.0,14.86,184,121,59,Strength,1.22,325,18.5,1.9,5,2,2,Muscle Gain,1
19,Female,1.6,67.4,26.33,201,181,63,HIIT,0.71,484,17.8,2.4,4,2,1,Weight Loss,0
24,Male,1.74,60.7,20.05,196,133,46,Cardio,1.32,572,22.2,1.8,2,1,0,Maintenance,4
38,Male,1.76,94.7,30.57,182,138,58,Cardio,0.43,282,12.4,2.1,4,1,0,Weight Loss,0
52,Female,1.73,68.7,22.95,168,120,45,Cardio,1.37,587,7.3,2.7,3,3,0,Muscle Gain,1
34,Male,1.66,82.0,29.76,186,125,58,Strength,1.33,627,13.5,2.0,5,2,2,Maintenance,4
18,Female,1.74,81.2,26.82,202,138,60,Cardio,1.22,733,29.6,2.2,3,1,0,Maintenance,4
18,Male,1.81,99.4,30.34,202,139,58,Strength,1.49,940,14.2,3.7,3,1,2,Flexibility,3
27,Male,1.75,103.9,33.93,193,127,51,Strength,1.23,604,20.9,2.6,4,1,2,Muscle Gain,1
35,Female,1.69,45.0,15.76,185,164,65,HIIT,1.28,661,11.8,2.5,4,1,1,Maintenance,4
18,Female,1.64,45.0,16.73,202,81,54,Yoga,1.35,179,20.0,3.0,4,2,3,Weight Loss,0
35,Female,1.73,75.9,25.36,185,166,49,HIIT,1.43,1136,21.9,2.8,5,3,1,Weight Loss,0
39,Male,1.78,48.8,15.4,181,130,62,Cardio,0.92,293,21.3,1.8,3,1,0,Flexibility,3
36,Female,1.73,69.7,23.29,184,160,64,HIIT,1.18,885,19.5,2.6,4,3,1,Flexibility,3
39,Female,1.5,83.8,37.24,181,123,58,Cardio,1.64,1067,26.7,2.3,3,1,0,Endurance,2
18,Female,1.68,75.6,26.79,202,145,56,Cardio,1.67,932,12.9,2.4,4,3,0,Muscle Gain,1
35,Male,1.84,111.0,32.79,185,76,56,Yoga,1.12,338,18.3,3.0,3,2,3,Muscle Gain,1
25,Male,1.74,84.5,27.91,195,133,67,Strength,1.83,990,18.0,3.3,4,2,2,Muscle Gain,1
56,Male,1.6,63.8,24.92,164,118,47,Cardio,1.55,676,23.4,3.2,4,3,0,Muscle Gain,1
40,Male,1.75,78.8,25.73,180,126,52,Strength,1.57,781,14.9,2.3,3,2,2,Maintenance,4
24,Male,1.67,90.3,32.38,196,143,70,Cardio,1.34,846,18.5,3.9,5,1,0,Muscle Gain,1
32,Male,1.8,60.4,18.64,188,143,53,Cardio,1.97,906,9.8,3.5,3,3,0,Weight Loss,0
22,Male,1.71,91.6,31.33,198,131,68,Strength,1.86,985,18.9,2.1,2,2,2,Endurance,2
46,Male,1.79,59.7,18.63,174,123,55,Cardio,0.83,311,13.2,3.7,4,1,0,Muscle Gain,1
35,Male,1.67,49.4,17.71,185,76,57,Yoga,1.01,169,18.6,2.7,2,2,3,Flexibility,3
36,Male,1.73,94.8,31.67,184,124,56,Strength,1.18,575,22.6,2.0,4,2,2,Weight Loss,0
36,Female,1.61,63.6,24.54,184,160,57,HIIT,1.72,1100,19.9,2.4,3,3,1,Weight Loss,0
40,Male,1.7,73.8,25.54,180,171,57,HIIT,1.72,1344,17.0,2.6,4,2,1,Muscle Gain,1
18,Female,1.58,68.8,27.56,202,187,71,HIIT,1.3,839,30.5,2.9,5,1,1,Weight Loss,0
27,Male,1.7,67.9,23.49,193,143,59,Cardio,1.44,773,18.9,3.0,4,1,0,Endurance,2
26,Male,1.7,78.1,27.02,194,174,66,HIIT,1.48,1231,13.8,1.6,4,2,1,Maintenance,4
29,Male,1.56,83.3,34.23,191,130,67,Strength,1.24,643,19.4,2.6,3,1,2,Maintenance,4
31,Male,1.81,78.6,23.99,189,80,54,Yoga,1.53,375,21.2,2.3,2,2,3,Maintenance,4
28,Male,1.69,100.5,35.19,192,169,55,HIIT,1.71,1798,25.7,2.5,5,1,1,Endurance,2
29,Female,1.59,45.0,17.8,191,158,57,HIIT,1.07,447,17.3,3.3,3,3,1,Muscle Gain,1
38,Male,1.66,71.9,26.09,182,159,66,HIIT,1.74,1418,19.9,2.9,5,3,1,Weight Loss,0
18,Male,1.8,72.5,22.38,202,87,78,Yoga,1.47,282,21.2,2.6,2,1,3,Maintenance,4
38,Male,1.74,70.2,23.19,182,163,52,HIIT,1.38,871,18.9,2.6,2,2,1,Muscle Gain,1
35,Male,1.7,79.7,27.58,185,164,68,HIIT,1.68,1389,15.9,1.9,5,1,1,Maintenance,4
27,Male,1.75,82.0,26.78,193,136,47,Cardio,1.75,1045,14.0,2.2,4,3,0,Endurance,2
47,Female,1.64,45.0,16.73,173,124,58,Cardio,1.29,424,20.8,1.5,3,1,0,Muscle Gain,1
25,Male,1.75,78.2,25.53,195,168,53,HIIT,1.26,917,19.4,1.5,2,1,1,Muscle Gain,1
24,Female,1.67,83.2,29.83,196,133,73,Strength,1.44,789,19.0,3.6,5,2,2,Flexibility,3
48,Male,1.82,80.9,24.42,172,127,59,Cardio,0.99,643,22.1,1.7,2,1,0,Weight Loss,0
44,Female,1.96,45.0,11.71,176,164,56,HIIT,1.39,534,8.4,2.1,5,2,1,Endurance,2
47,Male,1.63,85.0,31.99,173,124,72,Strength,0.71,346,19.5,2.3,3,1,2,Muscle Gain,1
48,Male,1.77,45.0,14.36,172,151,53,HIIT,1.66,755,19.2,3.0,3,3,1,Weight Loss,0
38,Male,1.76,73.7,23.79,182,127,65,Strength,1.53,655,14.9,3.3,3,2,2,Maintenance,4
42,Female,1.65,46.9,17.23,178,161,59,HIIT,1.03,454,17.6,1.6,2,2,1,Weight Loss,0
25,Female,1.73,72.7,24.29,195,136,45,Strength,1.46,662,15.9,2.9,2,2,2,Weight Loss,0
35,Male,1.7,105.6,36.54,185,129,60,Cardio,1.67,1364,18.6,1.8,2,1,0,Flexibility,3
25,Female,1.54,93.7,39.51,195,170,56,HIIT,1.77,1684,13.4,2.5,4,3,1,Muscle Gain,1
35,Female,1.6,62.7,24.49,185,134,78,Strength,1.32,529,27.0,2.3,3,1,2,Weight Loss,0
23,Male,1.79,88.5,27.62,197,182,49,HIIT,1.25,1253,16.2,2.6,3,2,1,Muscle Gain,1
34,Female,1.65,67.3,24.72,186,141,77,Cardio,1.74,784,15.3,1.3,4,2,0,Muscle Gain,1
18,Male,1.82,83.8,25.3,202,134,74,Strength,1.27,641,13.3,3.2,5,1,2,Maintenance,4
37,Female,1.6,83.6,32.66,183,150,48,HIIT,1.68,1343,12.4,3.2,5,2,1,Weight Loss,0
27,Male,1.77,83.0,26.49,193,137,66,Cardio,1.4,714,20.1,2.4,5,1,0,Weight Loss,0
26,Male,1.87,77.9,22.28,194,180,49,HIIT,1.47,1124,10.9,3.2,4,3,1,Weight Loss,0
48,Male,1.86,63.7,18.41,172,135,58,HIIT,1.48,1059,18.1,2.6,4,2,1,Muscle Gain,1
41,Female,1.72,65.0,21.97,179,121,53,Strength,1.52,636,11.8,3.9,3,3,2,Muscle Gain,1
46,Male,1.64,84.3,31.34,174,122,61,Strength,1.8,892,14.0,2.6,3,1,2,Muscle Gain,1
23,Male,1.86,85.0,24.57,197,138,65,Strength,1.59,906,13.2,4.0,2,2,2,Muscle Gain,1
21,Male,1.73,77.6,25.93,199,135,70,Strength,1.46,674,13.8,2.2,4,2,2,Flexibility,3
49,Male,1.82,76.9,23.22,171,152,56,HIIT,1.7,1384,18.0,2.3,3,3,1,Muscle Gain,1
31,Male,1.87,82.6,23.62,189,131,67,Strength,1.3,665,21.4,3.2,4,2,2,Endurance,2
36,Male,1.83,54.5,16.27,184,131,62,Cardio,1.39,714,22.6,3.0,2,1,0,Weight Loss,0
45,Male,1.72,105.1,35.53,175,129,64,Cardio,1.78,1334,18.2,3.3,3,2,0,Weight Loss,0
32,Male,1.75,102.2,33.37,188,174,49,HIIT,1.18,1236,23.6,2.4,5,1,1,Weight Loss,0
27,Male,1.77,87.8,28.03,193,139,67,Cardio,1.54,941,26.0,3.3,3,1,0,Muscle Gain,1
32,Male,1.83,63.6,18.99,188,160,59,HIIT,1.24,839,16.2,2.6,4,2,1,Weight Loss,0
18,Male,1.83,77.4,23.11,202,142,55,Cardio,1.35,725,18.6,1.8,5,2,0,Muscle Gain,1
31,Female,1.62,65.2,24.84,189,135,63,Cardio,1.8,832,24.2,1.8,2,1,0,Weight Loss,0
36,Male,1.71,76.8,26.26,184,133,48,Cardio,1.04,648,18.5,3.3,5,1,0,Weight Loss,0
36,Female,1.6,69.5,27.15,184,138,46,Cardio,1.06,547,24.2,3.1,3,2,0,Endurance,2
55,Male,1.75,84.2,27.49,165,117,58,Strength,1.29,605,20.7,2.5,5,1,2,Flexibility,3
35,Male,1.82,91.2,27.53,185,116,53,Strength,1.83,1075,17.1,2.7,4,3,2,Flexibility,3
39,Female,1.59,77.0,30.46,181,125,56,Cardio,1.57,987,19.6,2.8,2,1,0,Flexibility,3
22,Male,1.82,83.5,25.21,198,145,52,Strength,1.23,503,21.4,2.4,3,1,2,Weight Loss,0
18,Female,1.61,82.4,31.79,202,145,55,Cardio,1.66,856,13.1,2.9,2,1,0,Flexibility,3
32,Male,1.89,88.6,24.8,188,129,57,Strength,1.01,585,22.3,2.6,3,1,2,Weight Loss,0
49,Male,1.67,101.4,36.36,171,117,53,Strength,1.3,750,21.8,2.4,2,2,2,Muscle Gain,1
36,Male,1.82,78.5,23.7,184,122,50,Strength,1.66,734,14.8,2.6,2,3,2,Endurance,2
18,Female,1.68,76.1,26.96,202,129,55,Strength,1.9,773,13.5,2.6,5,3,2,Muscle Gain,1
37,Female,1.64,69.9,25.99,183,77,54,Yoga,1.91,363,20.2,1.8,3,3,3,Flexibility,3
27,Male,1.75,77.5,25.31,193,130,63,Strength,0.95,417,14.5,2.3,4,1,2,Weight Loss,0
32,Male,1.71,95.5,32.66,188,167,46,HIIT,1.31,1515,19.8,1.8,4,2,1,Flexibility,3
32,Male,1.7,92.8,32.11,188,169,60,HIIT,1.43,1239,20.5,2.9,4,1,1,Muscle Gain,1
44,Female,1.63,45.0,16.94,176,116,53,Strength,1.17,335,22.7,3.4,4,3,2,Flexibility,3
43,Male,1.82,81.5,24.6,177,126,57,Cardio,1.6,991,18.4,3.3,4,1,0,Muscle Gain,1
32,Male,1.73,72.3,24.16,188,132,70,Cardio,1.18,695,26.3,2.9,2,1,0,Muscle Gain,1
46,Male,1.7,81.0,28.03,174,76,69,Yoga,1.35,339,16.0,2.9,3,2,3,Muscle Gain,1
26,Male,1.81,93.7,28.6,194,134,53,Strength,1.66,1006,25.9,3.4,2,1,2,Maintenance,4
42,Male,1.7,74.6,25.81,178,119,67,Strength,1.23,444,20.8,2.2,4,2,2,Maintenance,4
45,Female,1.62,52.4,19.97,175,76,55,Yoga,1.61,280,15.7,2.6,5,2,3,Flexibility,3
39,Female,1.64,74.0,27.51,181,126,57,Strength,0.93,412,18.6,2.7,3,1,2,Weight Loss,0
38,Male,1.63,79.7,30.0,182,133,61,Cardio,1.56,852,16.6,2.5,3,2,0,Maintenance,4
39,Male,1.74,68.9,22.76,181,79,56,Yoga,1.53,320,18.2,2.8,2,2,3,Maintenance,4
33,Female,1.62,98.2,37.42,187,126,58,Strength,1.53,862,21.7,2.6,3,3,2,Weight Loss,0
39,Male,1.81,59.9,18.28,181,79,46,Yoga,1.47,297,6.8,2.7,3,2,3,Muscle Gain,1
29,Female,1.58,72.1,28.88,191,137,68,Strength,1.31,608,17.5,3.3,2,1,2,Endurance,2
34,Male,1.65,69.9,25.67,186,124,49,Strength,1.39,515,16.2,2.1,5,2,2,Muscle Gain,1
32,Female,1.69,73.2,25.63,188,135,55,Cardio,1.22,620,15.8,2.4,3,2,0,Endurance,2
23,Female,1.74,77.4,25.56,197,79,57,Yoga,1.4,354,9.4,2.8,2,2,3,Muscle Gain,1
31,Female,1.56,58.6,24.08,189,138,68,Cardio,1.28,590,24.5,2.2,3,1,0,Weight Loss,0
18,Male,1.84,88.2,26.05,202,125,61,Strength,1.24,600,11.4,2.4,3,2,2,Muscle Gain,1
33,Female,1.56,45.0,18.49,187,124,69,Strength,1.86,509,20.1,2.0,3,2,2,Muscle Gain,1
38,Male,1.78,71.6,22.6,182,128,60,Strength,1.21,538,21.1,3.4,3,1,2,Muscle Gain,1
35,Male,1.76,67.0,21.63,185,169,53,HIIT,0.92,639,17.8,1.4,4,1,1,Weight Loss,0
29,Male,1.65,78.7,28.91,191,144,45,Cardio,1.25,655,18.4,3.2,3,2,0,Muscle Gain,1
27,Female,1.56,70.1,28.81,193,167,72,HIIT,1.78,1215,21.9,2.3,3,2,1,Muscle Gain,1
44,Male,1.74,71.4,23.58,176,127,62,Cardio,1.25,656,24.0,2.6,3,1,0,Muscle Gain,1
41,Male,1.71,87.0,29.75,179,129,59,Cardio,1.39,769,14.5,2.4,3,2,0,Muscle Gain,1
39,Female,1.62,60.0,22.86,181,122,65,Strength,0.82,284,20.8,3.0,3,1,2,Weight Loss,0
37,Female,1.5,77.2,34.31,183,128,51,Strength,1.01,490,13.8,2.0,2,2,2,Weight Loss,0
42,Male,1.73,90.9,30.37,178,121,54,Strength,1.31,703,20.9,2.2,4,2,2,Flexibility,3
41,Female,1.64,87.5,32.53,179,73,53,Yoga,1.36,374,18.3,2.9,5,3,3,Muscle Gain,1
18,Male,1.8,64.8,20.0,202,147,65,Cardio,1.41,753,22.8,2.6,5,1,0,Maintenance,4
40,Female,1.67,64.7,23.2,180,124,67,Cardio,1.44,659,9.0,1.9,2,2,0,Maintenance,4
33,Male,1.76,95.9,30.96,187,79,79,Yoga,1.81,539,15.9,3.9,4,3,3,Muscle Gain,1
47,Male,1.69,72.5,25.38,173,115,68,Strength,0.78,362,19.4,2.4,4,2,2,Muscle Gain,1
44,Female,1.66,51.7,18.76,176,70,65,Yoga,1.45,201,25.1,1.8,4,1,3,Muscle Gain,1
31,Male,1.77,92.5,29.53,189,124,63,Strength,1.22,643,11.9,3.3,3,1,2,Endurance,2
43,Male,1.66,89.8,32.59,177,124,66,Strength,1.01,562,27.2,3.7,3,1,2,Maintenance,4
38,Male,1.73,86.5,28.9,182,75,62,Yoga,1.47,375,16.3,2.6,5,2,3,Weight Loss,0
24,Male,1.75,65.4,21.36,196,142,54,Cardio,1.36,702,16.4,2.7,3,2,0,Endurance,2
30,Female,1.59,45.0,17.8,190,129,59,Cardio,1.48,549,10.7,3.0,4,3,0,Weight Loss,0
23,Female,1.65,77.4,28.43,197,131,59,Strength,1.18,500,17.3,2.1,3,2,2,Weight Loss,0
24,Male,1.65,65.9,24.21,196,127,60,Strength,1.41,547,21.1,3.5,2,2,2,Maintenance,4
18,Male,1.65,50.3,18.48,202,143,54,Cardio,1.94,781,13.3,2.5,4,3,0,Muscle Gain,1
34,Male,1.7,89.3,30.9,186,142,58,Cardio,1.5,823,12.3,2.4,4,2,0,Maintenance,4
29,Female,1.63,47.3,17.8,191,136,45,Strength,1.18,283,20.8,3.1,3,3,2,Maintenance,4
37,Female,1.62,68.0,25.91,183,116,56,Strength,1.2,475,17.0,3.0,3,1,2,Muscle Gain,1
19,Male,1.79,74.6,23.28,201,140,70,Strength,1.74,797,20.4,2.4,2,2,2,Muscle Gain,1
39,Female,1.55,68.9,28.68,181,119,63,Strength,0.82,408,21.4,2.5,3,1,2,Muscle Gain,1
38,Female,1.65,73.9,27.14,182,72,68,Yoga,1.46,327,15.1,2.3,3,1,3,Weight Loss,0
45,Male,1.88,57.0,16.13,175,126,45,Cardio,1.12,429,10.8,2.3,5,3,0,Weight Loss,0
24,Male,1.83,87.4,26.1,196,132,65,Cardio,0.86,538,20.1,3.5,3,1,0,Weight Loss,0
34,Female,1.52,56.4,24.41,186,158,59,HIIT,1.64,825,22.6,2.5,5,3,1,Weight Loss,0
26,Female,1.57,68.0,27.59,194,172,45,HIIT,1.52,1044,22.6,2.1,3,3,1,Muscle Gain,1
32,Male,1.87,87.6,25.05,188,78,45,Yoga,1.69,411,18.4,1.3,5,1,3,Flexibility,3
39,Male,1.78,77.3,24.4,181,166,58,HIIT,0.87,677,24.7,2.2,4,1,1,Endurance,2
31,Male,1.78,70.1,22.12,189,129,67,Strength,1.38,608,17.6,3.4,5,2,2,Endurance,2
18,Male,1.74,47.9,15.82,202,82,60,Yoga,1.41,226,16.5,2.3,3,3,3,Weight Loss,0
27,Female,1.62,61.6,23.47,193,135,74,Strength,1.9,762,19.0,2.5,5,2,2,Endurance,2
47,Male,1.67,74.0,26.53,173,124,60,Cardio,0.9,507,24.1,2.5,3,1,0,Muscle Gain,1
37,Male,1.75,83.5,27.27,183,131,61,Strength,1.53,747,15.4,1.8,2,3,2,Muscle Gain,1
29,Male,1.67,112.6,40.37,191,130,57,Strength,1.61,895,26.0,2.1,3,2,2,Endurance,2
41,Male,1.65,57.3,21.05,179,151,72,HIIT,2.36,1460,24.5,2.4,5,3,1,Maintenance,4
18,Male,1.84,73.1,21.59,202,146,57,Strength,1.49,698,20.8,2.3,3,3,2,Maintenance,4
18,Male,1.83,49.5,14.78,202,145,63,Cardio,1.52,521,12.6,1.8,3,1,0,Endurance,2
18,Male,1.69,82.7,28.96,202,131,70,Strength,0.88,440,18.9,3.0,3,1,2,Flexibility,3
18,Female,1.59,46.0,18.2,202,177,67,HIIT,2.02,980,8.8,2.4,4,3,1,Endurance,2
45,Female,1.6,72.2,28.2,175,155,62,HIIT,1.26,845,21.8,2.2,3,2,1,Weight Loss,0
26,Male,1.67,88.7,31.8,194,126,55,Strength,1.3,690,23.0,2.1,4,2,2,Muscle Gain,1
19,Male,1.76,84.4,27.25,201,148,58,Strength,1.32,625,28.1,3.1,4,1,2,Muscle Gain,1
33,Female,1.5,88.8,39.47,187,161,63,HIIT,1.38,1236,15.8,1.0,4,2,1,Muscle Gain,1
35,Male,1.91,76.1,20.86,185,120,63,Strength,0.92,371,14.2,1.4,3,2,2,Maintenance,4
44,Male,1.78,69.7,22.0,176,116,67,Strength,1.5,666,17.1,3.0,3,2,2,Muscle Gain,1
19,Male,1.77,76.2,24.32,201,136,57,Strength,1.26,555,17.8,2.7,4,3,2,Muscle Gain,1
18,Male,1.65,61.1,22.44,202,139,62,Strength,1.78,702,18.2,3.1,2,2,2,Muscle Gain,1
34,Female,1.54,74.1,31.24,186,75,62,Yoga,1.07,254,14.3,3.0,4,3,3,Weight Loss,0
35,Female,1.55,63.2,26.31,185,136,63,Cardio,1.43,690,22.2,2.6,4,3,0,Maintenance,4
33,Male,1.83,73.9,22.07,187,130,57,Strength,1.02,477,11.8,2.9,3,1,2,Flexibility,3
55,Male,1.86,81.9,23.67,165,114,76,Cardio,1.41,1038,6.1,2.0,4,2,0,Flexibility,3
18,Female,1.72,70.2,23.73,202,180,60,HIIT,0.77,529,17.5,3.3,5,2,1,Muscle Gain,1
18,Male,1.69,84.8,29.69,202,146,55,Cardio,1.48,1017,21.0,1.9,2,3,0,Muscle Gain,1
30,Male,1.77,74.9,23.91,190,127,63,Strength,1.48,585,23.7,1.9,3,2,2,Muscle Gain,1
32,Male,1.73,83.3,27.83,188,129,53,Strength,1.54,747,10.9,2.2,3,3,2,Weight Loss,0
38,Male,1.68,89.5,31.71,182,120,59,Strength,1.43,765,14.4,3.0,4,3,2,Muscle Gain,1
18,Male,1.9,79.3,21.97,202,150,56,Cardio,1.65,999,11.3,1.9,5,3,0,Endurance,2
18,Female,1.5,74.4,33.07,202,141,45,Strength,1.64,753,26.3,1.4,2,2,2,Weight Loss,0
39,Female,1.6,53.4,20.86,181,125,49,Strength,1.35,432,21.3,3.0,4,1,2,Endurance,2
18,Male,1.87,113.0,32.31,202,132,54,Strength,2.06,1575,10.2,3.1,2,3,2,Flexibility,3
22,Male,1.79,89.3,27.87,198,166,61,HIIT,1.72,1439,25.3,1.4,4,2,1,Maintenance,4
20,Male,1.79,79.1,24.69,200,134,53,Strength,1.66,811,13.3,3.2,3,3,2,Maintenance,4
20,Male,1.76,82.9,26.76,200,79,63,Yoga,1.6,401,11.8,2.3,4,1,3,Weight Loss,0
29,Female,1.71,67.8,23.19,191,124,68,Cardio,0.96,470,22.8,2.9,3,1,0,Flexibility,3
18,Male,1.93,63.0,16.91,202,135,73,Strength,1.59,625,16.1,3.0,4,2,2,Muscle Gain,1
39,Female,1.61,64.8,25.0,181,74,61,Yoga,1.26,265,18.8,2.7,3,2,3,Weight Loss,0
42,Male,1.78,89.0,28.09,178,145,61,HIIT,1.49,1232,19.0,2.3,4,2,1,Weight Loss,0
35,Male,1.63,97.8,36.81,185,121,57,Strength,1.68,886,15.7,3.9,4,2,2,Endurance,2
36,Female,1.67,62.3,22.34,184,124,49,Strength,1.57,512,10.4,2.6,2,3,2,Maintenance,4
37,Female,1.65,88.0,32.32,183,119,69,Strength,1.11,511,18.2,2.8,4,2,2,Weight Loss,0
40,Female,1.59,95.1,37.62,180,157,61,HIIT,1.5,1460,17.4,2.0,5,2,1,Flexibility,3
46,Male,1.71,107.4,36.73,174,160,57,HIIT,1.1,900,21.7,3.2,4,1,1,Muscle Gain,1
29,Male,1.61,61.3,23.65,191,167,50,HIIT,1.55,910,12.8,2.8,2,2,1,Weight Loss,0
50,Male,1.8,79.4,24.51,170,117,64,Strength,1.54,693,12.0,3.8,4,3,2,Weight Loss,0
32,Female,1.55,63.7,26.51,188,134,62,Cardio,1.7,866,23.1,2.8,2,1,0,Weight Loss,0
22,Male,1.74,80.4,26.56,198,141,76,Cardio,1.22,703,26.8,3.0,5,1,0,Flexibility,3
47,Female,1.73,45.0,15.04,173,133,51,Cardio,1.2,424,15.2,2.2,4,1,0,Endurance,2
38,Female,1.65,53.6,19.69,182,118,66,Strength,1.06,339,12.5,3.3,5,2,2,Maintenance,4
42,Female,1.65,81.1,29.79,178,122,56,Strength,1.58,794,17.5,2.4,3,2,2,Weight Loss,0
18,Female,1.56,70.7,29.05,202,129,62,Strength,1.37,529,16.7,3.8,4,3,2,Endurance,2
46,Male,1.78,84.3,26.61,174,71,45,Yoga,1.46,399,18.4,3.1,2,3,3,Weight Loss,0
34,Female,1.51,63.9,28.03,186,167,52,HIIT,1.49,937,15.9,1.6,2,2,1,Weight Loss,0
34,Male,1.75,109.2,35.66,186,76,59,Yoga,1.52,501,14.5,2.0,3,2,3,Maintenance,4
18,Male,1.63,83.6,31.47,202,150,56,Cardio,1.42,857,13.1,3.5,4,3,0,Weight Loss,0
27,Male,1.52,47.1,20.39,193,78,57,Yoga,1.31,188,15.1,4.0,4,2,3,Muscle Gain,1
38,Male,1.69,92.4,32.35,182,147,62,HIIT,0.96,825,6.9,1.8,5,3,1,Weight Loss,0
43,Male,1.75,81.0,26.45,177,123,74,Strength,1.26,537,19.4,3.6,3,2,2,Maintenance,4
40,Male,1.82,101.7,30.7,180,126,50,Cardio,1.91,1350,16.1,2.2,4,3,0,Endurance,2
50,Male,1.63,76.2,28.68,170,119,59,Cardio,1.91,1092,11.9,0.8,4,2,0,Muscle Gain,1
38,Male,1.74,87.3,28.83,182,119,61,Strength,1.32,605,7.6,2.3,5,2,2,Flexibility,3
23,Female,1.65,79.6,29.24,197,170,66,HIIT,1.26,974,20.7,2.3,5,1,1,Maintenance,4
27,Male,1.74,87.3,28.83,193,143,51,Cardio,1.61,920,26.5,2.5,4,2,0,Weight Loss,0
22,Female,1.6,48.8,19.06,198,178,57,HIIT,1.82,855,18.0,2.2,3,2,1,Weight Loss,0
35,Male,1.87,94.0,26.88,185,123,65,Strength,1.39,780,21.4,2.6,5,2,2,Weight Loss,0
32,Female,1.64,60.3,22.42,188,166,58,HIIT,1.2,706,10.6,2.7,3,1,1,Endurance,2
50,Male,1.71,73.2,25.03,170,127,65,Cardio,1.4,735,8.9,2.9,5,2,0,Weight Loss,0
30,Female,1.58,68.3,27.36,190,168,71,HIIT,1.3,858,17.7,2.8,3,2,1,Maintenance,4
18,Female,1.66,55.8,20.25,202,129,54,Strength,1.35,538,22.9,1.3,3,2,2,Muscle Gain,1
34,Female,1.62,50.7,19.32,186,160,68,HIIT,1.42,798,19.3,1.8,5,1,1,Weight Loss,0
20,Male,1.86,46.5,13.44,200,184,54,HIIT,1.88,1024,14.5,3.3,4,3,1,Muscle Gain,1
20,Male,1.78,91.9,29.01,200,172,67,HIIT,1.03,1004,29.5,3.5,4,2,1,Maintenance,4
28,Male,1.76,72.4,23.37,192,121,67,Strength,0.62,262,20.3,2.2,3,1,2,Flexibility,3
30,Male,1.68,79.7,28.24,190,78,71,Yoga,1.1,308,11.3,2.2,5,1,3,Maintenance,4
30,Male,1.75,60.8,19.85,190,134,72,Strength,1.05,419,20.8,1.7,3,1,2,Weight Loss,0
18,Male,1.78,89.5,28.25,202,134,67,Strength,1.64,825,22.3,3.9,2,2,2,Maintenance,4
50,Female,1.57,70.1,28.44,170,70,58,Yoga,1.51,283,19.6,2.6,4,1,3,Endurance,2
24,Male,1.78,82.3,25.98,196,141,64,Cardio,1.64,981,17.2,2.5,5,3,0,Muscle Gain,1
40,Female,1.68,67.5,23.92,180,131,63,Strength,1.46,547,35.8,3.4,5,2,2,Muscle Gain,1
25,Female,1.73,45.0,15.04,195,140,62,Strength,0.71,197,26.4,2.9,3,1,2,Endurance,2
18,Female,1.72,75.2,25.42,202,135,49,Strength,1.1,446,19.7,3.1,3,3,2,Endurance,2
33,Male,1.64,67.6,25.13,187,137,53,Strength,0.99,398,24.9,2.5,3,2,2,Weight Loss,0
50,Female,1.55,64.1,26.68,170,113,63,Strength,1.38,521,18.6,2.0,2,2,2,Muscle Gain,1
19,Male,1.68,78.1,27.67,201,149,49,Cardio,1.86,999,17.7,1.5,3,3,0,Muscle Gain,1
42,Female,1.64,66.7,24.8,178,132,58,Cardio,1.61,765,23.2,2.4,5,2,0,Weight Loss,0
41,Male,1.7,89.8,31.07,179,134,66,Cardio,0.72,518,16.9,2.3,3,1,0,Flexibility,3
21,Male,1.7,58.4,20.21,199,143,59,Strength,1.15,367,15.1,4.3,4,2,2,Muscle Gain,1
29,Male,1.83,78.7,23.5,191,126,55,Strength,1.57,667,25.2,2.7,3,2,2,Weight Loss,0
27,Male,1.8,81.2,25.06,193,174,55,HIIT,1.27,952,15.1,2.6,3,2,1,Maintenance,4
59,Female,1.53,69.7,29.77,161,115,62,Strength,1.39,656,11.7,2.6,5,1,2,Weight Loss,0
44,Male,1.92,78.1,21.19,176,126,50,Cardio,1.54,821,23.0,3.0,3,2,0,Flexibility,3
34,Male,1.74,73.7,24.34,186,135,55,Cardio,1.69,844,9.9,4.5,4,3,0,Muscle Gain,1
20,Male,1.68,65.5,23.21,200,138,48,Strength,1.47,583,21.6,2.4,4,2,2,Flexibility,3
31,Female,1.65,62.3,22.88,189,155,70,HIIT,1.49,898,16.8,3.9,4,1,1,Weight Loss,0
23,Female,1.65,69.7,25.6,197,141,56,Cardio,1.79,1103,12.6,3.0,2,3,0,Weight Loss,0
24,Female,1.66,61.6,22.35,196,133,53,Strength,1.19,493,22.8,2.1,5,1,2,Maintenance,4
42,Female,1.59,63.2,25.0,178,162,64,HIIT,1.33,940,11.8,2.5,3,2,1,Flexibility,3
32,Female,1.57,45.0,18.26,188,138,58,Strength,1.56,490,13.1,3.5,3,2,2,Weight Loss,0
40,Male,1.82,71.9,21.71,180,112,53,Strength,1.31,517,15.2,2.5,2,2,2,Maintenance,4
44,Male,1.72,84.6,28.6,176,118,51,Strength,1.11,548,24.8,2.0,5,1,2,Weight Loss,0
46,Male,1.81,100.4,30.65,174,145,63,HIIT,0.97,1045,17.0,2.4,3,2,1,Muscle Gain,1
18,Male,1.68,93.2,33.02,202,84,58,Yoga,1.32,397,12.8,2.3,3,2,3,Muscle Gain,1
30,Female,1.58,64.2,25.72,190,129,51,Strength,1.31,374,11.8,2.3,3,3,2,Weight Loss,0
20,Female,1.5,84.0,37.33,200,140,57,Strength,1.68,763,29.8,2.0,5,2,2,Muscle Gain,1
37,Male,1.7,79.5,27.51,183,131,57,Cardio,1.64,1005,19.4,3.6,5,3,0,Muscle Gain,1
37,Male,1.81,107.6,32.84,183,134,50,Cardio,1.2,978,20.2,2.8,5,3,0,Weight Loss,0
18,Female,1.58,62.2,24.92,202,177,52,HIIT,0.96,610,18.5,3.1,4,1,1,Endurance,2
32,Male,1.72,93.2,31.5,188,80,48,Yoga,1.0,258,20.4,2.5,5,3,3,Flexibility,3
37,Male,1.78,87.6,27.65,183,134,79,Strength,1.43,725,20.9,2.5,2,1,2,Maintenance,4
42,Female,1.57,58.1,23.57,178,155,58,HIIT,1.88,1085,16.0,3.0,2,2,1,Weight Loss,0
23,Male,1.72,98.1,33.16,197,141,68,Cardio,0.98,696,20.6,2.1,4,2,0,Flexibility,3
42,Female,1.62,51.9,19.78,178,120,54,Cardio,1.07,429,30.6,3.1,3,1,0,Muscle Gain,1
40,Male,1.71,57.9,19.8,180,130,60,Strength,1.43,517,18.0,2.3,4,1,2,Weight Loss,0
41,Male,1.76,101.6,32.8,179,120,61,Strength,0.95,585,33.0,1.1,4,1,2,Weight Loss,0
22,Female,1.72,59.2,20.01,198,85,60,Yoga,1.29,212,24.4,2.6,3,2,3,Weight Loss,0
42,Female,1.64,64.2,23.87,178,129,59,Cardio,0.55,263,16.0,2.7,2,2,0,Muscle Gain,1
44,Female,1.5,78.1,34.71,176,127,53,Cardio,1.39,823,22.0,3.2,3,1,0,Endurance,2
56,Male,1.69,80.2,28.08,164,116,56,Strength,1.76,802,18.5,2.7,2,2,2,Weight Loss,0
36,Female,1.64,56.1,20.86,184,126,67,Strength,1.49,512,19.4,2.4,2,1,2,Weight Loss,0
31,Male,1.83,91.1,27.2,189,158,62,HIIT,1.23,1143,18.5,1.6,3,3,1,Weight Loss,0
40,Female,1.65,53.8,19.76,180,127,59,Cardio,1.38,515,23.9,2.6,2,3,0,Endurance,2
45,Female,1.61,73.1,28.2,175,75,59,Yoga,1.07,223,12.5,4.0,3,3,3,Muscle Gain,1
34,Female,1.65,64.8,23.8,186,159,61,HIIT,0.9,608,23.8,2.5,2,1,1,Weight Loss,0
30,Female,1.62,61.8,23.55,190,133,61,Strength,1.81,595,23.4,2.6,3,2,2,Muscle Gain,1
23,Male,1.68,86.7,30.72,197,83,65,Yoga,1.15,310,23.7,2.1,3,1,3,Maintenance,4
21,Male,1.77,93.9,29.97,199,136,66,Strength,1.18,704,17.8,1.4,4,2,2,Muscle Gain,1
37,Female,1.56,68.2,28.02,183,127,64,Strength,1.15,515,23.3,1.1,3,1,2,Weight Loss,0
38,Female,1.69,66.7,23.35,182,130,59,Cardio,1.3,689,18.7,2.2,2,2,0,Endurance,2
41,Female,1.63,62.0,23.34,179,121,52,Cardio,1.6,804,12.2,3.4,4,3,0,Maintenance,4
18,Female,1.63,76.6,28.83,202,85,58,Yoga,0.8,187,25.8,2.3,5,1,3,Maintenance,4
34,Female,1.62,51.8,19.74,186,128,62,Strength,1.29,420,22.9,2.5,5,2,2,Muscle Gain,1
30,Male,1.85,75.3,22.0,190,128,52,Strength,1.87,953,9.0,1.6,5,3,2,Flexibility,3
38,Female,1.51,60.2,26.4,182,125,62,Strength,1.02,350,11.5,2.4,5,1,2,Muscle Gain,1
29,Female,1.63,69.3,26.08,191,124,76,Strength,1.07,417,26.4,2.8,2,1,2,Flexibility,3
33,Male,1.77,64.5,20.59,187,163,60,HIIT,1.15,776,12.7,2.1,5,1,1,Muscle Gain,1
26,Male,1.86,67.3,19.45,194,152,59,Cardio,1.46,777,17.8,3.3,2,1,0,Weight Loss,0
41,Male,1.84,103.3,30.51,179,119,70,Strength,1.5,1046,22.8,2.1,4,3,2,Weight Loss,0
54,Male,1.7,96.4,33.36,166,120,62,Cardio,1.29,1095,22.0,1.7,5,1,0,Maintenance,4
23,Male,1.75,66.5,21.71,197,86,60,Yoga,1.16,243,19.5,2.8,5,3,3,Weight Loss,0
25,Female,1.58,48.0,19.23,195,137,49,Cardio,1.32,480,22.4,2.9,5,1,0,Weight Loss,0
38,Female,1.54,63.7,26.86,182,76,56,Yoga,2.12,408,27.8,3.1,4,3,3,Muscle Gain,1
38,Female,1.68,48.3,17.11,182,129,53,Cardio,1.62,550,14.8,2.4,2,2,0,Maintenance,4
18,Male,1.84,59.7,17.63,202,120,50,Strength,0.83,298,20.6,3.2,4,2,2,Muscle Gain,1
35,Male,1.74,77.8,25.7,185,159,45,HIIT,1.58,1318,21.7,2.0,2,2,1,Muscle Gain,1
38,Male,1.72,61.3,20.72,182,136,57,Cardio,1.5,717,16.4,1.5,5,1,0,Muscle Gain,1
47,Male,1.69,75.9,26.57,173,73,55,Yoga,1.51,310,14.7,2.1,4,2,3,Weight Loss,0
18,Male,1.85,103.7,30.3,202,138,67,Cardio,1.22,928,22.5,3.0,4,1,0,Weight Loss,0
24,Female,1.62,54.6,20.8,196,173,68,HIIT,1.45,765,5.0,3.1,4,3,1,Weight Loss,0
29,Female,1.61,53.4,20.6,191,138,68,Cardio,1.32,488,18.3,1.6,4,1,0,Maintenance,4
18,Male,1.69,45.0,15.76,202,136,45,Strength,1.12,279,23.6,2.3,3,2,2,Weight Loss,0
32,Female,1.63,59.1,22.24,188,157,51,HIIT,1.13,649,25.6,4.4,3,1,1,Endurance,2
18,Male,1.75,96.1,31.38,202,83,64,Yoga,1.47,362,20.9,1.8,5,1,3,Flexibility,3
30,Male,1.75,71.7,23.41,190,80,54,Yoga,1.01,247,14.9,2.0,4,1,3,Weight Loss,0
48,Female,1.64,70.6,26.25,172,111,54,Strength,1.24,561,13.8,3.2,4,3,2,Endurance,2
18,Male,1.71,86.5,29.58,202,138,57,Strength,1.39,719,21.2,3.0,4,1,2,Weight Loss,0
34,Female,1.52,65.4,28.31,186,118,49,Strength,1.13,433,15.2,3.2,3,2,2,Flexibility,3
24,Male,1.72,98.8,33.4,196,172,52,HIIT,1.63,1611,16.8,2.4,5,2,1,Muscle Gain,1
29,Male,1.78,75.0,23.67,191,139,59,Cardio,1.81,1080,16.2,2.0,3,1,0,Weight Loss,0
32,Male,1.76,70.1,22.63,188,130,45,Strength,1.26,541,11.2,3.2,4,1,2,Weight Loss,0
43,Female,1.61,81.0,31.25,177,123,72,Strength,1.55,755,14.6,3.1,3,1,2,Flexibility,3
44,Male,1.84,94.5,27.91,176,154,60,HIIT,1.43,1418,20.5,2.3,4,2,1,Maintenance,4
62,Female,1.69,83.7,29.31,158,106,48,Strength,1.59,791,27.2,2.7,4,2,2,Maintenance,4
46,Female,1.64,61.5,22.87,174,122,56,Strength,1.64,612,21.4,2.8,3,3,2,Muscle Gain,1
47,Male,1.8,95.2,29.38,173,125,59,Strength,1.13,651,23.1,3.1,3,1,2,Weight Loss,0
44,Female,1.72,70.5,23.83,176,128,54,Strength,1.4,624,19.1,2.7,4,3,2,Weight Loss,0
39,Female,1.76,54.0,17.43,181,115,56,Strength,1.4,419,20.0,2.0,2,3,2,Muscle Gain,1
28,Male,1.77,71.5,22.82,192,139,52,Strength,1.71,663,20.7,2.1,4,3,2,Weight Loss,0
39,Female,1.6,63.6,24.84,181,137,58,Cardio,1.71,866,13.8,3.4,3,3,0,Maintenance,4
28,Male,1.75,58.0,18.94,192,132,66,Cardio,1.72,742,22.0,2.2,2,2,0,Flexibility,3
46,Female,1.63,47.6,17.92,174,123,56,Cardio,1.63,644,22.0,2.2,3,2,0,Muscle Gain,1
21,Female,1.65,49.6,18.22,199,150,60,Cardio,1.12,420,22.9,2.7,4,1,0,Weight Loss,0
30,Female,1.59,77.3,30.58,190,77,53,Yoga,1.54,360,15.9,3.4,3,3,3,Weight Loss,0
60,Male,1.7,99.3,34.36,160,111,69,Strength,1.18,677,15.7,3.4,5,2,2,Endurance,2
34,Female,1.59,45.0,17.8,186,117,49,Strength,0.81,220,16.8,3.4,3,2,2,Muscle Gain,1
58,Female,1.66,62.0,22.5,162,114,61,Strength,0.84,330,23.2,2.6,4,2,2,Endurance,2
33,Male,1.73,80.2,26.8,187,74,65,Yoga,1.93,491,15.5,1.9,5,1,3,Weight Loss,0
45,Male,1.69,87.5,30.64,175,123,65,Cardio,1.51,981,13.2,1.9,5,3,0,Weight Loss,0
26,Male,1.84,76.2,22.51,194,139,70,Strength,1.59,713,8.2,2.6,3,3,2,Endurance,2
50,Female,1.51,51.3,22.5,170,115,57,Strength,1.95,603,17.8,2.6,3,3,2,Weight Loss,0
42,Female,1.62,58.5,22.29,178,132,62,Cardio,1.13,506,21.6,2.2,2,1,0,Muscle Gain,1
39,Female,1.69,65.6,22.97,181,130,54,Strength,1.49,580,21.3,2.0,3,2,2,Endurance,2
38,Male,1.63,71.9,27.06,182,136,63,Cardio,1.69,936,19.9,2.3,3,3,0,Muscle Gain,1
38,Male,1.83,94.1,28.1,182,136,58,Cardio,1.47,1002,21.5,1.4,2,3,0,Muscle Gain,1
28,Male,1.72,49.0,16.56,192,143,74,Cardio,1.09,410,19.7,3.6,3,1,0,Muscle Gain,1
34,Female,1.68,52.7,18.67,186,128,54,Cardio,1.05,356,18.7,2.7,3,1,0,Endurance,2
21,Female,1.6,68.2,26.64,199,134,50,Strength,1.49,558,17.8,1.6,4,2,2,Weight Loss,0
46,Female,1.72,71.5,24.17,174,72,49,Yoga,1.71,380,17.9,1.8,4,3,3,Muscle Gain,1
27,Female,1.62,68.2,25.99,193,76,52,Yoga,0.87,177,19.5,2.1,5,1,3,Muscle Gain,1
33,Male,1.75,105.7,34.51,187,159,68,HIIT,1.37,1530,31.7,3.5,2,1,1,Muscle Gain,1
52,Male,1.73,84.5,28.23,168,121,46,Strength,1.3,690,13.4,2.4,3,3,2,Muscle Gain,1
39,Male,1.81,95.7,29.21,181,75,55,Yoga,1.42,436,20.7,2.1,3,2,3,Weight Loss,0
23,Male,1.68,77.0,27.28,197,136,67,Cardio,1.53,898,10.8,3.8,3,3,0,Maintenance,4
32,Male,1.77,53.6,17.11,188,128,49,Strength,0.69,216,16.7,3.6,2,2,2,Maintenance,4
36,Male,1.69,62.9,22.02,184,157,57,HIIT,1.66,1075,23.5,3.3,3,2,1,Weight Loss,0
38,Male,1.71,96.2,32.9,182,133,58,Cardio,1.79,1287,23.0,3.5,2,2,0,Weight Loss,0
37,Male,1.73,85.5,28.57,183,140,61,Cardio,0.95,659,10.8,3.1,2,1,0,Muscle Gain,1
31,Female,1.69,66.4,23.25,189,78,54,Yoga,1.43,302,23.2,1.9,4,3,3,Muscle Gain,1
23,Female,1.66,61.2,22.21,197,81,69,Yoga,0.83,144,18.9,2.6,4,1,3,Flexibility,3
40,Male,1.79,75.6,23.59,180,73,51,Yoga,1.26,257,20.9,3.3,4,2,3,Weight Loss,0
42,Male,1.66,94.8,34.4,178,132,65,Cardio,1.87,1351,11.1,2.5,4,3,0,Muscle Gain,1
21,Male,1.74,73.7,24.34,199,152,66,Cardio,1.08,606,22.2,2.8,3,1,0,Flexibility,3
52,Male,1.86,65.6,18.96,168,114,60,Strength,1.57,679,29.5,2.1,4,2,2,Weight Loss,0
33,Male,1.73,83.7,27.97,187,179,58,HIIT,1.7,1384,18.5,2.2,3,1,1,Muscle Gain,1
36,Male,1.73,113.0,37.76,184,160,70,HIIT,1.34,1465,15.7,3.2,5,3,1,Maintenance,4
28,Female,1.56,72.5,29.79,192,118,71,Strength,1.2,587,30.1,3.7,4,1,2,Muscle Gain,1
21,Female,1.55,74.6,31.05,199,82,62,Yoga,0.96,200,18.6,2.4,4,2,3,Flexibility,3
18,Male,1.74,103.0,34.02,202,178,53,HIIT,1.63,1946,17.5,3.3,4,3,1,Flexibility,3
37,Female,1.72,70.1,23.7,183,75,53,Yoga,1.11,208,16.9,3.1,5,2,3,Muscle Gain,1
46,Male,1.79,99.6,31.09,174,73,65,Yoga,1.42,468,20.3,1.8,2,3,3,Weight Loss,0
40,Female,1.61,85.2,32.87,180,155,59,HIIT,1.17,1026,25.4,2.0,5,1,1,Weight Loss,0
21,Male,1.76,76.7,24.76,199,130,62,Strength,1.67,735,13.5,2.3,3,1,2,Muscle Gain,1
42,Female,1.55,64.9,27.01,178,129,54,Cardio,1.54,631,24.6,2.6,5,2,0,Endurance,2
19,Male,1.76,104.1,33.61,201,171,66,HIIT,2.28,2192,14.2,3.2,3,2,1,Muscle Gain,1
47,Male,1.73,97.7,32.64,173,117,61,Strength,0.87,558,23.6,2.6,2,1,2,Maintenance,4
29,Female,1.69,68.9,24.12,191,138,60,Strength,1.51,583,30.6,2.4,5,2,2,Endurance,2
42,Male,1.8,74.1,22.87,178,125,65,Strength,1.8,789,9.4,2.5,2,3,2,Weight Loss,0
39,Male,1.71,113.9,38.95,181,124,61,Cardio,1.49,1254,20.2,2.8,3,2,0,Weight Loss,0
39,Male,1.77,71.8,22.92,181,75,49,Yoga,1.83,478,11.0,2.3,3,3,3,Weight Loss,0
50,Female,1.7,77.7,26.89,170,137,56,HIIT,1.13,876,23.1,3.7,2,1,1,Muscle Gain,1
29,Female,1.71,67.3,23.02,191,146,52,Cardio,1.6,827,12.4,1.6,3,3,0,Weight Loss,0
46,Male,1.83,71.2,21.26,174,112,65,Strength,1.23,594,22.9,3.2,3,3,2,Maintenance,4
33,Female,1.56,62.0,25.48,187,170,59,HIIT,1.61,1006,21.2,3.1,5,2,1,Maintenance,4
48,Female,1.65,57.3,21.05,172,119,45,Strength,1.51,548,17.4,2.0,3,3,2,Muscle Gain,1
29,Female,1.66,45.0,16.33,191,127,70,Cardio,0.78,251,17.6,2.0,3,2,0,Weight Loss,0
36,Female,1.65,53.4,19.61,184,163,53,HIIT,1.73,964,16.7,3.6,3,2,1,Muscle Gain,1
28,Male,1.77,76.1,24.29,192,128,54,Strength,1.66,778,16.0,2.6,5,3,2,Maintenance,4
44,Female,1.76,67.7,21.86,176,76,71,Yoga,1.36,270,20.8,1.1,4,1,3,Weight Loss,0
23,Female,1.7,64.3,22.25,197,147,63,Cardio,1.3,522,8.7,3.1,5,3,0,Endurance,2
27,Female,1.59,64.4,25.47,193,81,52,Yoga,1.54,292,21.6,3.9,4,1,3,Muscle Gain,1
35,Male,1.64,64.1,23.83,185,126,48,Strength,1.02,402,6.2,2.8,2,3,2,Weight Loss,0
52,Male,1.83,61.4,18.33,168,133,62,Cardio,1.31,695,19.2,2.7,3,2,0,Maintenance,4
32,Male,1.72,72.1,24.37,188,75,60,Yoga,1.17,278,23.0,2.5,5,1,3,Maintenance,4
19,Male,1.68,65.1,23.07,201,164,49,HIIT,1.47,877,12.8,2.2,3,2,1,Muscle Gain,1
40,Female,1.77,75.7,24.16,180,127,52,Cardio,1.35,825,20.7,2.7,2,3,0,Maintenance,4
18,Female,1.63,65.8,24.77,202,180,54,HIIT,1.81,1217,13.0,2.2,5,3,1,Flexibility,3
30,Male,1.75,71.1,23.22,190,77,51,Yoga,1.59,349,7.9,2.2,4,3,3,Muscle Gain,1
18,Male,1.75,65.1,21.26,202,88,65,Yoga,1.28,236,15.9,2.3,3,1,3,Weight Loss,0
27,Male,1.81,75.2,22.95,193,132,60,Strength,1.28,577,20.1,2.9,4,3,2,Muscle Gain,1
29,Male,1.88,84.1,23.79,191,158,60,HIIT,1.34,1170,18.4,3.2,3,1,1,Flexibility,3
40,Male,1.7,100.8,34.88,180,163,66,HIIT,1.92,1997,16.7,1.6,5,3,1,Maintenance,4
36,Female,1.64,63.0,23.42,184,125,59,Strength,1.63,629,22.7,3.5,5,1,2,Maintenance,4
52,Male,1.68,72.0,25.51,168,154,67,HIIT,0.99,626,18.4,1.7,5,2,1,Weight Loss,0
25,Male,1.88,68.8,19.47,195,139,57,Cardio,1.36,706,11.3,1.9,4,2,0,Muscle Gain,1
28,Male,1.77,50.8,16.22,192,171,58,HIIT,0.93,425,18.9,3.7,3,1,1,Muscle Gain,1
18,Male,1.81,89.7,27.38,202,135,61,Strength,1.85,1038,23.3,3.0,3,1,2,Muscle Gain,1
34,Female,1.57,73.8,29.94,186,121,45,Strength,1.23,465,11.2,3.2,4,3,2,Weight Loss,0
49,Male,1.68,73.8,26.15,171,150,64,HIIT,1.23,916,18.7,3.3,4,1,1,Muscle Gain,1
33,Female,1.66,55.8,20.25,187,79,71,Yoga,1.34,219,19.2,3.0,3,2,3,Endurance,2
40,Male,1.76,84.6,27.31,180,130,58,Cardio,1.52,991,21.6,3.2,3,1,0,Endurance,2
25,Female,1.75,60.9,19.89,195,133,45,Strength,1.52,541,19.4,2.0,3,3,2,Maintenance,4
39,Male,1.66,100.4,36.43,181,77,72,Yoga,0.98,316,19.6,3.8,5,1,3,Muscle Gain,1
40,Female,1.63,45.0,16.94,180,157,76,HIIT,1.69,652,19.6,2.7,4,2,1,Muscle Gain,1
18,Female,1.68,80.9,28.66,202,129,57,Strength,1.59,732,15.9,2.5,2,1,2,Muscle Gain,1
47,Male,1.77,82.8,26.43,173,148,45,HIIT,1.07,833,16.6,2.1,3,2,1,Weight Loss,0
22,Female,1.73,48.5,16.21,198,138,63,Strength,1.27,303,22.7,2.4,2,1,2,Muscle Gain,1
45,Female,1.62,59.9,22.82,175,165,56,HIIT,1.65,1046,16.3,2.8,3,3,1,Flexibility,3
18,Male,1.69,86.6,30.32,202,144,63,Cardio,1.52,995,12.9,2.4,4,2,0,Maintenance,4
18,Female,1.71,89.7,30.68,202,149,50,Cardio,0.77,571,23.2,2.9,5,2,0,Endurance,2
41,Male,1.75,83.7,27.33,179,127,45,Strength,1.7,864,25.6,2.9,2,3,2,Weight Loss,0
27,Male,1.81,82.2,25.09,193,130,66,Strength,1.37,625,24.8,3.0,3,1,2,Weight Loss,0
29,Male,1.82,66.0,19.93,191,145,72,Cardio,1.87,928,18.1,3.7,2,3,0,Flexibility,3
34,Male,1.81,71.1,21.7,186,133,47,Cardio,1.64,878,34.0,2.3,5,3,0,Endurance,2
18,Female,1.61,61.7,23.8,202,172,61,HIIT,1.28,818,17.9,2.0,2,1,1,Muscle Gain,1
23,Female,1.58,58.8,23.55,197,77,56,Yoga,1.0,169,18.3,3.2,2,2,3,Endurance,2
42,Male,1.74,82.1,27.12,178,135,56,Cardio,1.22,827,23.6,1.8,4,1,0,Weight Loss,0
35,Female,1.67,62.7,22.48,185,161,58,HIIT,1.29,822,20.3,1.4,2,1,1,Weight Loss,0
61,Female,1.6,63.9,24.96,159,143,61,HIIT,1.06,671,17.0,2.9,4,1,1,Maintenance,4
27,Male,1.64,95.6,35.54,193,126,53,Strength,1.62,943,21.3,2.5,4,2,2,Muscle Gain,1
29,Female,1.65,71.5,26.26,191,127,53,Cardio,1.55,787,15.5,2.5,4,3,0,Maintenance,4
45,Male,1.93,65.0,17.45,175,119,62,Strength,1.81,690,14.7,2.1,4,3,2,Flexibility,3
40,Male,1.73,57.1,19.08,180,75,72,Yoga,1.08,160,14.4,2.3,4,1,3,Weight Loss,0
27,Male,1.75,78.6,25.67,193,121,58,Strength,1.38,633,23.1,2.9,2,1,2,Weight Loss,0
30,Female,1.56,47.7,19.6,190,128,60,Strength,1.06,353,7.8,3.1,2,3,2,Weight Loss,0
28,Male,1.64,64.6,24.02,192,172,55,HIIT,1.17,714,24.3,3.1,5,1,1,Weight Loss,0
43,Male,1.81,75.0,22.89,177,73,45,Yoga,1.53,348,17.9,2.7,5,3,3,Maintenance,4
18,Female,1.58,56.7,22.71,202,146,66,Cardio,1.16,536,23.9,2.9,3,1,0,Weight Loss,0
45,Female,1.67,58.2,20.87,175,151,51,HIIT,1.05,503,14.9,2.8,2,2,1,Weight Loss,0
38,Male,1.77,75.5,24.1,182,134,69,Cardio,1.42,726,17.0,3.3,3,2,0,Weight Loss,0
41,Male,1.78,84.4,26.64,179,71,53,Yoga,1.66,442,12.4,3.3,4,3,3,Flexibility,3
31,Female,1.61,61.6,23.76,189,157,63,HIIT,1.0,548,16.3,2.4,2,1,1,Maintenance,4
31,Male,1.77,77.0,24.58,189,82,72,Yoga,1.24,261,26.2,2.8,3,1,3,Muscle Gain,1
46,Male,1.74,73.7,24.34,174,126,70,Cardio,1.43,838,13.6,2.0,4,3,0,Muscle Gain,1
25,Female,1.61,45.0,17.36,195,131,61,Strength,1.75,457,20.2,2.1,2,2,2,Flexibility,3
32,Male,1.71,116.8,39.94,188,136,45,Cardio,1.45,1244,23.7,3.0,5,3,0,Muscle Gain,1
30,Female,1.64,55.0,20.45,190,135,64,Cardio,1.71,623,15.5,2.9,4,1,0,Muscle Gain,1
43,Male,1.82,79.9,24.12,177,122,63,Strength,1.57,758,21.4,1.2,3,1,2,Endurance,2
21,Female,1.61,58.4,22.53,199,137,61,Cardio,1.41,675,18.6,4.3,4,1,0,Weight Loss,0
22,Female,1.61,57.6,22.22,198,136,64,Strength,1.56,640,19.7,2.5,2,1,2,Endurance,2
18,Female,1.69,58.4,20.45,202,144,63,Cardio,1.51,691,13.0,2.4,4,3,0,Muscle Gain,1
33,Male,1.85,83.4,24.37,187,136,67,Cardio,1.52,859,20.1,3.3,3,2,0,Endurance,2
37,Male,1.74,80.8,26.69,183,133,51,Cardio,1.44,855,16.1,3.5,3,2,0,Muscle Gain,1
31,Female,1.5,45.0,20.0,189,169,67,HIIT,1.16,571,10.7,3.3,3,3,1,Flexibility,3
30,Male,1.85,85.9,25.1,190,135,54,Strength,1.11,596,18.5,2.1,4,1,2,Maintenance,4
28,Male,1.88,89.3,25.27,192,80,62,Yoga,1.01,303,14.9,2.8,4,1,3,Muscle Gain,1
34,Female,1.61,72.5,27.97,186,137,57,Strength,1.66,728,11.1,2.2,2,2,2,Weight Loss,0
46,Female,1.74,75.6,24.97,174,112,59,Strength,1.35,620,25.4,2.8,5,2,2,Endurance,2
30,Male,1.78,92.6,29.23,190,78,67,Yoga,0.75,188,18.0,2.1,4,1,3,Flexibility,3
42,Male,1.83,106.9,31.92,178,124,54,Strength,1.68,1098,17.7,2.6,5,2,2,Muscle Gain,1
29,Female,1.52,60.1,26.01,191,79,62,Yoga,1.64,276,19.4,2.4,3,2,3,Maintenance,4
32,Male,1.81,61.8,18.86,188,128,69,Strength,1.08,383,21.3,3.2,5,1,2,Endurance,2
36,Male,1.82,84.5,25.51,184,133,67,Cardio,0.97,583,27.0,2.7,3,1,0,Maintenance,4
32,Male,1.68,93.1,32.99,188,135,61,Cardio,1.9,1044,15.5,3.7,3,3,0,Muscle Gain,1
43,Female,1.65,56.6,20.79,177,120,53,Cardio,1.31,559,9.2,2.4,3,2,0,Muscle Gain,1
18,Male,1.89,104.8,29.34,202,168,50,HIIT,1.34,1514,17.0,1.7,3,2,1,Weight Loss,0
43,Female,1.58,60.5,24.23,177,131,58,Cardio,1.42,629,25.4,3.5,4,1,0,Muscle Gain,1
51,Male,1.69,89.5,31.34,169,115,58,Cardio,1.95,1237,16.3,3.4,4,3,0,Weight Loss,0
26,Male,1.8,68.9,21.27,194,140,64,Cardio,1.4,719,15.6,2.2,4,2,0,Muscle Gain,1
20,Male,1.71,65.1,22.26,200,142,79,Cardio,1.02,508,18.0,2.8,2,1,0,Muscle Gain,1
41,Male,1.85,67.6,19.75,179,130,68,Cardio,1.33,695,17.7,3.2,2,1,0,Weight Loss,0
50,Female,1.61,76.8,29.63,170,110,75,Strength,1.27,630,22.8,2.3,2,1,2,Weight Loss,0
43,Male,1.72,110.3,37.28,177,129,50,Cardio,1.23,1018,12.2,2.4,4,3,0,Muscle Gain,1
33,Female,1.65,78.7,28.91,187,84,71,Yoga,1.85,420,15.6,2.5,4,2,3,Maintenance,4
26,Female,1.67,59.6,21.37,194,130,68,Strength,1.12,387,15.8,2.8,3,1,2,Weight Loss,0
26,Male,1.72,101.6,34.34,194,149,50,Cardio,1.64,1336,8.9,2.5,4,3,0,Endurance,2
22,Male,1.59,86.6,34.25,198,136,46,Strength,1.55,809,18.0,3.1,4,3,2,Muscle Gain,1
18,Female,1.75,63.1,20.6,202,91,53,Yoga,1.08,235,16.1,2.4,2,3,3,Muscle Gain,1
32,Female,1.62,65.8,25.07,188,80,61,Yoga,1.42,304,8.6,2.9,2,1,3,Flexibility,3
44,Male,1.72,116.2,39.28,176,116,55,Strength,1.21,815,22.0,3.1,3,3,2,Maintenance,4
32,Male,1.71,81.6,27.91,188,134,50,Strength,1.98,960,22.6,4.3,2,2,2,Weight Loss,0
47,Male,1.78,75.0,23.67,173,129,58,Cardio,1.06,604,20.6,2.4,4,2,0,Muscle Gain,1
36,Female,1.62,82.6,31.47,184,134,53,Cardio,1.02,687,30.0,2.5,2,1,0,Weight Loss,0
32,Male,1.7,89.4,30.93,188,133,59,Strength,1.15,566,10.4,3.3,5,1,2,Weight Loss,0
41,Female,1.64,45.0,16.73,179,134,49,Cardio,1.51,518,15.5,3.2,5,2,0,Muscle Gain,1
20,Male,1.64,58.7,21.82,200,135,45,Strength,1.11,354,12.1,2.3,3,2,2,Muscle Gain,1
18,Female,1.66,67.4,24.46,202,145,65,Cardio,1.38,685,22.3,2.8,3,1,0,Muscle Gain,1
45,Female,1.63,74.1,27.89,175,154,48,HIIT,1.35,963,26.7,2.9,3,2,1,Muscle Gain,1
22,Female,1.71,63.4,21.68,198,163,61,HIIT,1.07,757,24.2,2.5,2,3,1,Muscle Gain,1
36,Male,1.69,110.3,38.62,184,164,67,HIIT,0.99,1090,11.8,2.3,2,2,1,Endurance,2
40,Female,1.66,86.1,31.25,180,75,62,Yoga,2.03,493,16.5,2.7,2,3,3,Muscle Gain,1
18,Male,1.67,89.7,32.16,202,148,60,Cardio,1.55,993,23.2,3.2,5,1,0,Weight Loss,0
38,Male,1.68,74.3,26.33,182,77,59,Yoga,1.04,233,15.3,3.0,2,2,3,Weight Loss,0
27,Male,1.93,106.4,28.56,193,74,66,Yoga,1.07,331,12.7,2.2,3,2,3,Maintenance,4
24,Male,1.69,57.9,20.27,196,140,45,Cardio,1.13,486,25.2,4.0,3,2,0,Maintenance,4
18,Male,1.72,74.4,25.15,202,180,70,HIIT,1.08,882,17.5,3.5,3,1,1,Weight Loss,0
49,Female,1.56,92.7,38.09,171,76,60,Yoga,1.47,358,11.7,2.6,2,3,3,Endurance,2
44,Female,1.73,87.4,29.2,176,158,58,HIIT,1.47,1172,16.7,2.6,5,3,1,Muscle Gain,1
27,Female,1.66,72.4,26.27,193,135,56,Strength,0.9,364,19.6,2.1,4,1,2,Weight Loss,0
28,Male,1.65,84.6,31.07,192,82,55,Yoga,1.36,323,16.8,3.2,5,2,3,Flexibility,3
28,Female,1.56,87.9,36.12,192,137,59,Cardio,1.75,1065,10.3,1.8,3,2,0,Maintenance,4
36,Male,1.71,82.4,28.18,184,131,56,Cardio,1.55,1011,21.4,3.0,5,1,0,Endurance,2
25,Female,1.8,77.8,24.01,195,168,52,HIIT,1.28,944,11.9,3.3,2,3,1,Maintenance,4
34,Male,1.74,79.0,26.09,186,150,53,HIIT,1.99,1600,14.3,3.0,3,3,1,Weight Loss,0
48,Male,1.76,95.9,30.96,172,113,59,Strength,1.54,897,18.5,2.7,3,1,2,Weight Loss,0
27,Female,1.64,54.9,20.41,193,152,50,Cardio,1.41,615,22.1,3.1,2,2,0,Weight Loss,0
18,Female,1.53,82.0,35.03,202,185,52,HIIT,1.29,1029,18.1,3.0,2,2,1,Weight Loss,0
31,Male,1.87,80.5,23.02,189,84,63,Yoga,1.57,413,18.0,2.4,3,2,3,Endurance,2
36,Male,1.7,81.4,28.17,184,157,62,HIIT,1.1,836,24.9,1.6,5,2,1,Muscle Gain,1
50,Male,1.79,88.9,27.75,170,162,68,HIIT,0.88,845,17.6,3.6,2,2,1,Muscle Gain,1
23,Female,1.58,81.4,32.61,197,139,54,Strength,0.86,467,21.0,1.6,3,1,2,Maintenance,4
31,Male,1.81,63.8,19.47,189,134,68,Cardio,1.53,776,23.5,3.7,3,2,0,Maintenance,4
18,Female,1.55,46.5,19.35,202,139,57,Cardio,1.12,404,22.9,2.6,4,3,0,Muscle Gain,1
39,Male,1.7,74.7,25.85,181,127,68,Strength,1.03,482,17.5,4.1,2,1,2,Weight Loss,0
40,Male,1.82,68.6,20.71,180,122,60,Cardio,1.33,662,16.3,2.9,2,1,0,Weight Loss,0
38,Female,1.61,70.5,27.2,182,69,61,Yoga,1.78,390,17.6,2.4,3,3,3,Weight Loss,0
24,Male,1.77,75.1,23.97,196,77,61,Yoga,1.27,310,23.5,2.7,2,1,3,Weight Loss,0
39,Male,1.65,86.5,31.77,181,124,52,Strength,1.33,587,21.5,3.2,2,1,2,Weight Loss,0
37,Male,1.81,71.7,21.89,183,132,71,Cardio,1.31,744,18.9,2.7,3,1,0,Endurance,2
25,Male,1.71,87.2,29.82,195,179,57,HIIT,1.75,1425,13.5,2.1,2,3,1,Weight Loss,0
35,Male,1.78,82.9,26.16,185,131,46,Cardio,1.04,653,27.4,2.5,2,3,0,Weight Loss,0
24,Male,1.82,67.9,20.5,196,85,65,Yoga,1.57,320,8.6,2.2,5,2,3,Weight Loss,0
31,Male,1.75,83.4,27.23,189,130,61,Strength,1.31,675,24.1,2.5,4,2,2,Weight Loss,0
36,Female,1.51,54.7,23.99,184,163,60,HIIT,1.84,842,21.2,2.3,3,3,1,Flexibility,3
42,Male,1.79,69.7,21.75,178,158,58,HIIT,1.7,1285,12.3,2.3,4,2,1,Weight Loss,0
42,Female,1.54,45.0,18.97,178,124,61,Cardio,1.19,435,15.5,3.5,2,2,0,Weight Loss,0
33,Male,1.78,47.4,14.96,187,160,64,HIIT,1.36,626,29.6,3.2,5,1,1,Weight Loss,0
39,Female,1.56,88.2,36.24,181,131,52,Cardio,1.51,1037,17.1,2.0,2,2,0,Muscle Gain,1
35,Male,1.76,79.9,25.79,185,124,51,Strength,1.73,756,10.5,2.2,3,3,2,Endurance,2
44,Female,1.66,70.4,25.55,176,118,57,Cardio,1.48,849,21.3,2.6,4,3,0,Muscle Gain,1
38,Female,1.63,69.6,26.2,182,154,45,HIIT,1.88,1283,23.8,2.5,3,3,1,Weight Loss,0
49,Male,1.86,81.8,23.64,171,114,66,Cardio,1.39,839,18.9,2.6,2,1,0,Muscle Gain,1
33,Male,1.69,76.3,26.71,187,141,48,Cardio,1.36,847,21.7,2.6,4,2,0,Muscle Gain,1
18,Male,1.59,80.1,31.68,202,138,56,Strength,2.06,1029,13.4,2.9,3,3,2,Flexibility,3
44,Female,1.63,70.8,26.65,176,121,72,Strength,1.58,636,13.7,3.5,3,2,2,Endurance,2
18,Male,1.71,79.4,27.15,202,144,57,Strength,1.65,853,24.6,2.3,3,2,2,Weight Loss,0
18,Female,1.77,62.2,19.85,202,162,72,HIIT,1.01,748,13.4,2.3,3,1,1,Weight Loss,0
43,Female,1.69,61.1,21.39,177,157,76,HIIT,1.26,972,13.3,2.0,5,2,1,Endurance,2
41,Female,1.65,73.2,26.89,179,123,57,Strength,1.23,410,19.1,2.5,2,2,2,Muscle Gain,1
32,Male,1.78,88.1,27.81,188,128,50,Strength,1.87,996,15.2,1.8,4,3,2,Muscle Gain,1
33,Female,1.72,76.4,25.82,187,129,72,Strength,1.09,512,23.8,2.8,2,1,2,Flexibility,3
29,Female,1.68,83.6,29.62,191,130,54,Strength,1.58,790,12.6,1.6,3,3,2,Weight Loss,0
29,Female,1.61,59.0,22.76,191,138,60,Cardio,1.59,658,22.5,2.9,5,2,0,Endurance,2
19,Female,1.65,66.8,24.54,201,145,62,Cardio,1.25,587,18.3,3.1,4,2,0,Maintenance,4
47,Male,1.68,60.5,21.44,173,114,60,Strength,1.54,634,8.6,4.0,5,2,2,Weight Loss,0
60,Male,1.77,61.7,19.69,160,68,64,Yoga,1.04,216,25.8,2.9,2,1,3,Muscle Gain,1
28,Male,1.81,76.7,23.41,192,84,59,Yoga,1.49,381,15.2,2.4,3,3,3,Endurance,2
32,Male,1.73,97.2,32.48,188,129,57,Strength,1.58,807,16.2,3.1,3,2,2,Maintenance,4
41,Male,1.74,89.9,29.69,179,127,64,Cardio,1.66,1237,19.6,3.2,4,3,0,Endurance,2
18,Male,1.86,86.4,24.97,202,139,57,Cardio,1.24,779,14.9,2.4,2,2,0,Endurance,2
28,Female,1.71,64.5,22.06,192,76,56,Yoga,1.17,259,15.4,2.2,2,3,3,Weight Loss,0
38,Female,1.61,45.0,17.36,182,123,66,Strength,1.62,431,22.6,2.2,4,2,2,Weight Loss,0
26,Male,1.88,63.3,17.91,194,78,54,Yoga,1.55,315,15.0,4.0,4,2,3,Maintenance,4
25,Female,1.61,65.6,25.31,195,139,68,Strength,1.72,640,8.4,3.0,3,1,2,Endurance,2
32,Female,1.72,71.7,24.24,188,141,56,Cardio,1.52,865,20.1,2.7,4,3,0,Maintenance,4
30,Female,1.52,58.0,25.1,190,141,70,Cardio,1.03,505,12.2,2.2,5,1,0,Flexibility,3
38,Male,1.79,71.0,22.16,182,76,69,Yoga,1.27,276,16.6,3.7,5,1,3,Weight Loss,0
48,Female,1.56,70.3,28.89,172,122,54,Cardio,1.16,612,15.7,2.5,3,2,0,Maintenance,4
47,Male,1.75,87.1,28.44,173,124,57,Cardio,1.79,1229,12.9,3.0,4,3,0,Flexibility,3
42,Male,1.84,90.7,26.79,178,128,54,Strength,0.88,496,25.1,1.8,2,1,2,Muscle Gain,1
55,Male,1.73,74.3,24.83,165,111,48,Strength,1.46,707,13.4,2.8,3,2,2,Flexibility,3
32,Male,1.79,90.9,28.37,188,155,64,HIIT,1.41,1044,16.3,2.4,3,1,1,Muscle Gain,1
23,Male,1.72,69.1,23.36,197,83,63,Yoga,1.3,278,17.9,2.5,4,2,3,Maintenance,4
37,Female,1.63,75.1,28.27,183,131,60,Cardio,1.32,732,15.2,2.5,4,2,0,Flexibility,3
47,Male,1.77,76.4,24.39,173,120,45,Strength,1.03,431,18.7,2.9,3,2,2,Endurance,2
35,Female,1.72,84.5,28.56,185,137,61,Cardio,1.27,961,15.2,3.3,2,2,0,Weight Loss,0
40,Male,1.82,72.9,22.01,180,161,53,HIIT,1.16,784,19.2,2.5,4,3,1,Muscle Gain,1
21,Female,1.66,81.7,29.65,199,136,57,Strength,1.61,899,16.2,3.5,3,3,2,Muscle Gain,1
29,Female,1.68,54.3,19.24,191,190,58,HIIT,1.1,580,15.1,1.8,4,1,1,Weight Loss,0
43,Male,1.59,87.1,34.45,177,133,57,Cardio,1.71,1014,7.1,2.9,3,3,0,Weight Loss,0
36,Male,1.73,94.1,31.44,184,125,48,Strength,0.54,308,12.9,3.3,3,3,2,Muscle Gain,1
33,Male,1.87,56.4,16.13,187,164,51,HIIT,1.6,866,19.9,3.1,3,1,1,Flexibility,3
34,Male,1.78,95.8,30.24,186,123,57,Strength,1.37,827,13.9,1.6,4,2,2,Muscle Gain,1
36,Female,1.67,45.0,16.14,184,118,68,Strength,1.12,270,13.1,2.2,5,1,2,Endurance,2
29,Male,1.76,89.3,28.83,191,132,48,Strength,1.27,719,7.4,2.4,3,3,2,Endurance,2
32,Male,1.74,78.4,25.9,188,175,69,HIIT,0.93,733,10.8,2.0,5,1,1,Maintenance,4
27,Male,1.8,73.8,22.78,193,145,57,Cardio,1.3,722,16.1,2.9,4,3,0,Endurance,2
21,Male,1.68,83.0,29.41,199,135,73,Cardio,1.22,856,17.8,3.1,4,1,0,Endurance,2
37,Female,1.63,67.1,25.25,183,122,72,Strength,1.05,464,24.9,2.5,3,1,2,Weight Loss,0
53,Male,1.82,86.1,25.99,167,108,67,Strength,1.4,861,14.3,2.3,2,2,2,Endurance,2
26,Female,1.56,67.1,27.57,194,84,53,Yoga,2.19,458,5.0,1.6,4,3,3,Muscle Gain,1
39,Female,1.76,67.6,21.82,181,139,46,Cardio,1.29,655,21.3,3.5,4,1,0,Endurance,2
43,Female,1.61,60.3,23.26,177,125,45,Cardio,1.42,628,14.7,2.5,3,3,0,Weight Loss,0
43,Female,1.68,64.7,22.92,177,128,56,Strength,1.24,486,21.9,3.8,2,2,2,Muscle Gain,1
37,Male,1.73,92.8,31.01,183,135,61,Cardio,1.82,1278,12.3,3.6,3,2,0,Weight Loss,0
18,Female,1.68,48.9,17.33,202,82,65,Yoga,1.55,244,23.0,2.8,4,2,3,Muscle Gain,1
36,Female,1.69,67.2,23.53,184,127,75,Cardio,1.16,616,23.6,2.9,4,2,0,Weight Loss,0
28,Female,1.75,51.4,16.78,192,132,67,Strength,1.61,481,18.5,2.5,5,3,2,Muscle Gain,1
18,Female,1.77,85.1,27.16,202,130,54,Strength,1.19,528,17.2,3.4,2,1,2,Weight Loss,0
32,Female,1.7,55.3,19.13,188,126,66,Strength,0.74,215,15.4,2.5,2,1,2,Muscle Gain,1
24,Male,1.7,90.5,31.31,196,130,61,Strength,0.57,308,16.0,2.9,4,1,2,Muscle Gain,1
25,Male,1.82,48.7,14.7,195,125,70,Strength,1.02,289,16.8,2.5,3,2,2,Flexibility,3
18,Female,1.6,83.2,32.5,202,125,52,Strength,0.91,429,19.5,2.4,3,3,2,Maintenance,4
37,Female,1.65,58.5,21.49,183,118,78,Strength,1.72,597,20.0,3.0,3,2,2,Maintenance,4
23,Male,1.78,61.6,19.44,197,79,56,Yoga,1.42,280,26.3,1.5,5,1,3,Muscle Gain,1
33,Female,1.68,46.6,16.51,187,136,53,Cardio,1.16,462,12.4,2.7,4,3,0,Muscle Gain,1
39,Male,1.8,75.9,23.43,181,116,62,Strength,1.39,654,18.8,3.2,3,2,2,Muscle Gain,1
18,Male,1.7,106.7,36.92,202,169,55,HIIT,1.42,1435,12.7,3.7,3,3,1,Weight Loss,0
27,Female,1.68,80.3,28.45,193,139,58,Strength,1.17,637,8.2,3.3,4,1,2,Weight Loss,0
36,Male,1.79,80.2,25.03,184,133,54,Cardio,1.68,886,19.2,1.6,3,2,0,Muscle Gain,1
48,Male,1.73,83.4,27.87,172,75,74,Yoga,1.42,385,25.8,2.4,4,1,3,Muscle Gain,1
47,Male,1.64,76.9,28.59,173,125,65,Strength,1.64,737,22.4,3.0,4,2,2,Weight Loss,0
18,Female,1.52,63.5,27.48,202,139,67,Strength,1.42,524,18.2,1.6,5,2,2,Muscle Gain,1
30,Male,1.69,100.7,35.26,190,157,61,HIIT,1.33,1371,9.1,3.3,3,1,1,Endurance,2
23,Female,1.62,74.8,28.5,197,137,59,Cardio,1.68,802,24.7,3.3,3,2,0,Muscle Gain,1
39,Female,1.58,45.0,18.03,181,158,76,HIIT,1.47,693,20.9,1.5,3,1,1,Endurance,2
46,Male,1.75,76.6,25.01,174,116,71,Strength,1.24,594,17.5,2.5,2,2,2,Weight Loss,0
28,Male,1.84,76.2,22.51,192,136,49,Cardio,1.22,716,8.6,2.8,4,1,0,Maintenance,4
46,Male,1.63,84.1,31.65,174,125,75,Cardio,0.98,575,27.4,1.5,3,1,0,Muscle Gain,1
18,Female,1.58,47.7,19.11,202,179,57,HIIT,1.46,701,15.7,3.2,4,2,1,Muscle Gain,1
29,Female,1.58,45.0,18.03,191,131,58,Strength,1.69,453,8.6,2.0,5,3,2,Muscle Gain,1
44,Male,1.77,87.4,27.9,176,117,50,Cardio,0.94,541,17.4,2.7,3,3,0,Weight Loss,0
26,Female,1.53,69.1,29.52,194,166,62,HIIT,1.18,815,18.1,2.2,2,3,1,Muscle Gain,1
30,Male,1.75,69.8,22.79,190,73,57,Yoga,1.56,329,14.1,3.4,3,2,3,Muscle Gain,1
27,Male,1.78,76.2,24.05,193,76,69,Yoga,1.03,236,17.9,2.7,3,1,3,Maintenance,4
21,Female,1.65,56.5,20.75,199,141,65,Cardio,1.13,425,12.3,2.2,5,2,0,Maintenance,4
29,Female,1.58,49.2,19.71,191,125,64,Strength,1.79,514,14.5,2.3,5,2,2,Maintenance,4
32,Female,1.67,82.9,29.72,188,125,70,Strength,2.04,937,18.0,3.5,4,2,2,Weight Loss,0
40,Female,1.51,70.7,31.01,180,116,56,Strength,1.51,611,9.9,2.6,5,3,2,Endurance,2
21,Male,1.72,67.2,22.71,199,163,64,HIIT,1.5,916,13.0,3.7,3,1,1,Endurance,2
35,Female,1.6,45.0,17.58,185,151,54,HIIT,1.99,979,14.4,3.1,3,3,1,Endurance,2
43,Female,1.5,69.1,30.71,177,159,47,HIIT,1.2,793,21.6,2.2,5,2,1,Muscle Gain,1
32,Male,1.89,66.1,18.5,188,172,60,HIIT,1.76,1087,14.3,2.6,3,2,1,Muscle Gain,1
29,Male,1.56,75.8,31.15,191,79,53,Yoga,1.27,343,25.7,3.1,2,2,3,Muscle Gain,1
30,Female,1.56,60.5,24.86,190,133,56,Strength,1.09,341,21.5,2.4,3,2,2,Weight Loss,0
27,Female,1.58,64.5,25.84,193,137,66,Strength,1.75,611,11.6,3.2,3,3,2,Endurance,2
36,Female,1.55,61.8,25.72,184,79,55,Yoga,1.37,229,14.7,1.7,4,3,3,Flexibility,3
19,Female,1.66,67.6,24.53,201,128,73,Strength,1.8,738,22.6,2.6,4,2,2,Flexibility,3
50,Male,1.62,63.1,24.04,170,119,61,Strength,1.47,557,15.6,1.9,5,3,2,Weight Loss,0
29,Male,1.67,59.5,21.33,191,146,54,Cardio,1.63,761,21.6,2.5,5,2,0,Weight Loss,0
45,Female,1.68,83.3,29.51,175,151,56,HIIT,1.39,1034,13.4,2.1,3,3,1,Muscle Gain,1
33,Male,1.67,67.0,24.02,187,78,47,Yoga,1.45,274,20.9,2.5,2,2,3,Muscle Gain,1
42,Female,1.64,86.1,32.01,178,126,61,Strength,1.59,839,27.1,1.7,4,2,2,Muscle Gain,1
36,Female,1.58,72.8,29.16,184,135,59,Cardio,1.65,883,12.7,2.1,3,2,0,Weight Loss,0
29,Male,1.63,89.0,33.5,191,138,62,Strength,1.29,636,23.2,2.5,4,1,2,Maintenance,4
19,Female,1.61,75.5,29.13,201,138,63,Strength,1.74,781,18.5,1.9,3,2,2,Weight Loss,0
28,Female,1.5,81.4,36.18,192,136,45,Cardio,1.49,985,15.6,2.7,3,2,0,Maintenance,4
37,Male,1.71,87.4,29.89,183,150,54,HIIT,1.24,1275,13.3,2.5,4,3,1,Muscle Gain,1
18,Male,1.77,89.7,28.63,202,142,64,Strength,1.57,872,17.3,2.3,4,2,2,Maintenance,4
62,Male,1.63,60.2,22.66,158,63,59,Yoga,1.36,242,21.9,2.4,3,2,3,Endurance,2
20,Male,1.69,103.7,36.31,200,138,69,Strength,1.22,690,15.5,2.9,3,1,2,Weight Loss,0
28,Male,1.83,98.2,29.32,192,133,53,Cardio,1.4,1141,14.9,2.7,3,2,0,Flexibility,3
21,Female,1.58,87.5,35.05,199,182,52,HIIT,1.29,1186,9.7,2.3,5,3,1,Maintenance,4
18,Male,1.76,72.5,23.41,202,164,65,HIIT,1.61,1271,5.5,2.7,4,2,1,Weight Loss,0
41,Male,1.78,78.4,24.74,179,115,58,Strength,1.57,712,19.9,2.8,4,2,2,Weight Loss,0
44,Male,1.71,96.8,33.1,176,119,70,Strength,1.15,675,17.1,3.0,2,2,2,Muscle Gain,1
20,Male,1.66,89.6,32.52,200,135,62,Strength,1.36,677,12.2,2.6,4,1,2,Muscle Gain,1
26,Female,1.58,85.8,34.37,194,133,63,Cardio,1.4,866,13.6,2.3,2,2,0,Weight Loss,0
42,Female,1.59,47.7,18.87,178,73,63,Yoga,1.32,206,30.2,0.6,4,1,3,Endurance,2
28,Male,1.93,91.6,24.59,192,126,61,Cardio,1.17,878,22.0,2.6,2,2,0,Weight Loss,0
30,Male,1.75,105.0,34.29,190,126,45,Strength,1.92,1209,23.5,2.5,3,3,2,Maintenance,4
42,Male,1.8,60.4,18.64,178,137,55,Cardio,1.5,577,12.1,2.3,3,2,0,Endurance,2
35,Female,1.57,74.5,30.22,185,162,59,HIIT,1.1,822,22.0,2.9,2,1,1,Endurance,2
56,Female,1.55,62.2,25.89,164,120,62,Strength,1.34,528,27.2,2.1,5,1,2,Weight Loss,0
20,Female,1.78,45.2,14.27,200,85,73,Yoga,0.91,117,20.5,2.9,3,1,3,Muscle Gain,1
40,Male,1.71,79.3,27.12,180,73,61,Yoga,1.91,407,10.7,2.0,4,2,3,Endurance,2
48,Female,1.5,72.5,32.22,172,129,63,Cardio,1.42,804,23.5,2.0,3,1,0,Weight Loss,0
23,Male,1.82,100.8,30.43,197,147,67,Cardio,0.83,561,23.8,3.6,5,3,0,Weight Loss,0
44,Male,1.78,97.0,30.61,176,132,49,Cardio,1.69,1396,9.9,2.2,4,3,0,Flexibility,3
50,Male,1.85,71.3,20.83,170,121,61,Cardio,1.05,568,26.3,3.1,4,1,0,Flexibility,3
50,Male,1.76,86.2,27.83,170,124,68,Strength,1.59,766,14.6,1.8,3,1,2,Muscle Gain,1
19,Female,1.63,61.3,23.07,201,137,68,Strength,1.08,404,24.7,2.1,4,2,2,Maintenance,4
36,Male,1.74,68.8,22.72,184,130,54,Cardio,0.9,422,17.3,2.4,5,1,0,Maintenance,4
19,Male,1.85,74.3,21.71,201,135,47,Strength,1.77,770,17.9,4.6,4,3,2,Weight Loss,0
26,Male,1.81,67.4,20.57,194,131,52,Strength,1.37,539,15.4,1.8,4,3,2,Flexibility,3
43,Male,1.83,72.0,21.5,177,132,73,Cardio,1.32,739,17.3,2.1,4,2,0,Flexibility,3
32,Male,1.64,92.2,34.28,188,162,58,HIIT,1.09,1043,23.7,1.4,3,1,1,Flexibility,3
51,Female,1.67,57.9,20.76,169,122,52,Cardio,1.59,721,11.1,2.7,4,3,0,Maintenance,4
38,Female,1.62,80.0,30.48,182,154,67,HIIT,0.67,448,16.3,2.4,2,1,1,Muscle Gain,1
38,Male,1.8,68.1,21.02,182,157,62,HIIT,1.42,907,19.7,2.1,5,3,1,Muscle Gain,1
19,Female,1.7,84.6,29.27,201,128,69,Strength,1.28,629,20.5,3.2,3,1,2,Muscle Gain,1
29,Female,1.5,77.0,34.22,191,137,47,Cardio,1.78,1026,15.1,2.9,2,3,0,Weight Loss,0
32,Female,1.71,65.6,22.43,188,138,64,Cardio,1.56,866,19.7,3.2,3,2,0,Endurance,2
19,Female,1.7,57.8,20.0,201,150,45,Cardio,1.67,729,16.2,2.9,5,3,0,Weight Loss,0
32,Male,1.8,71.5,22.07,188,131,68,Cardio,2.2,1057,27.3,1.9,5,2,0,Maintenance,4
37,Female,1.62,60.8,23.17,183,129,48,Cardio,1.41,583,14.5,3.2,3,3,0,Maintenance,4
47,Male,1.71,58.9,20.14,173,123,51,Strength,1.09,388,12.2,2.6,4,1,2,Muscle Gain,1
26,Male,1.66,77.5,28.12,194,180,45,HIIT,1.53,1111,16.4,3.5,3,2,1,Weight Loss,0
26,Female,1.69,68.4,23.95,194,78,70,Yoga,1.54,332,13.6,2.3,4,1,3,Weight Loss,0
23,Male,1.84,55.9,16.51,197,174,59,HIIT,1.16,615,14.9,2.3,3,2,1,Maintenance,4
40,Female,1.63,68.1,25.63,180,132,52,Strength,1.26,455,14.5,2.7,2,2,2,Weight Loss,0
50,Female,1.69,57.2,20.03,170,125,68,Cardio,1.5,697,22.6,1.5,2,1,0,Flexibility,3
36,Male,1.66,76.4,27.73,184,167,57,HIIT,0.85,648,25.6,2.2,4,1,1,Maintenance,4
44,Female,1.56,47.9,19.68,176,124,63,Strength,1.37,409,23.2,2.8,3,2,2,Flexibility,3
27,Female,1.65,62.9,23.1,193,78,48,Yoga,1.01,209,21.5,2.7,4,2,3,Maintenance,4
27,Female,1.68,59.2,20.98,193,175,51,HIIT,1.23,718,18.4,2.9,4,1,1,Maintenance,4
55,Male,1.76,95.7,30.89,165,74,60,Yoga,1.56,467,11.8,2.0,2,3,3,Muscle Gain,1
20,Female,1.65,49.8,18.29,200,141,56,Cardio,1.51,577,9.6,3.1,5,3,0,Weight Loss,0
25,Male,1.7,78.5,27.16,195,127,57,Strength,1.38,745,17.9,2.4,2,3,2,Weight Loss,0
41,Male,1.81,64.3,19.63,179,118,50,Strength,1.17,446,17.8,2.5,2,3,2,Muscle Gain,1
21,Male,1.68,71.6,25.37,199,173,65,HIIT,1.58,1092,23.9,1.9,3,2,1,Weight Loss,0
18,Female,1.6,71.7,28.01,202,141,50,Strength,1.18,522,18.1,2.8,3,3,2,Weight Loss,0
32,Male,1.87,83.6,23.91,188,74,56,Yoga,1.8,453,12.0,2.8,3,2,3,Muscle Gain,1
35,Male,1.8,69.1,21.33,185,137,46,Cardio,1.26,672,13.6,3.1,3,3,0,Weight Loss,0
28,Male,1.82,100.1,30.22,192,180,65,HIIT,0.67,660,14.3,3.2,4,1,1,Endurance,2
25,Female,1.59,66.1,26.15,195,80,67,Yoga,1.66,306,15.6,2.6,3,1,3,Maintenance,4
28,Male,1.75,87.1,28.44,192,78,71,Yoga,1.11,299,22.9,2.9,4,1,3,Muscle Gain,1
33,Male,1.66,77.2,28.02,187,176,58,HIIT,1.6,1250,14.0,2.5,2,2,1,Maintenance,4
35,Male,1.78,67.0,21.15,185,131,59,Strength,1.58,610,27.4,4.0,2,1,2,Endurance,2
51,Male,1.8,96.4,29.75,169,116,54,Strength,1.17,716,18.7,3.1,3,2,2,Muscle Gain,1
36,Male,1.73,87.6,29.27,184,164,56,HIIT,2.19,1887,20.2,2.8,3,3,1,Muscle Gain,1
24,Female,1.54,80.1,33.77,196,148,68,Cardio,1.37,769,20.4,1.7,4,2,0,Muscle Gain,1
40,Female,1.56,75.0,30.82,180,115,57,Strength,1.76,712,19.5,1.8,3,2,2,Weight Loss,0
44,Female,1.62,45.0,17.15,176,167,57,HIIT,1.77,887,22.5,2.2,4,1,1,Endurance,2
28,Male,1.7,67.5,23.36,192,133,46,Strength,1.65,783,16.7,2.3,5,3,2,Maintenance,4
30,Male,1.79,82.5,25.75,190,121,57,Cardio,1.18,749,13.0,2.8,5,2,0,Endurance,2
34,Female,1.5,75.1,33.38,186,117,54,Strength,1.62,703,19.9,2.7,3,2,2,Muscle Gain,1
29,Female,1.66,85.4,30.99,191,134,58,Cardio,1.34,859,15.0,2.4,3,2,0,Muscle Gain,1
45,Male,1.69,79.3,27.77,175,74,79,Yoga,1.43,354,19.8,2.5,3,1,3,Endurance,2
18,Female,1.67,66.9,23.99,202,147,50,Cardio,1.66,811,19.2,3.0,2,3,0,Endurance,2
25,Male,1.74,71.9,23.75,195,132,62,Cardio,1.13,649,24.6,2.4,3,1,0,Muscle Gain,1
35,Male,1.71,87.7,29.99,185,122,57,Strength,1.39,666,12.7,1.8,5,3,2,Muscle Gain,1
30,Male,1.79,53.9,16.82,190,169,64,HIIT,1.2,670,21.8,2.9,2,1,1,Muscle Gain,1
35,Male,1.9,92.8,25.71,185,129,54,Strength,1.36,797,14.4,2.5,3,2,2,Weight Loss,0
19,Male,1.83,54.1,16.15,201,171,65,HIIT,0.67,363,19.6,3.3,5,1,1,Weight Loss,0
39,Female,1.56,45.3,18.61,181,124,61,Strength,0.6,176,17.9,2.7,3,3,2,Flexibility,3
27,Male,1.74,82.9,27.38,193,129,61,Strength,1.85,862,17.5,2.4,5,3,2,Endurance,2
30,Male,1.73,58.5,19.55,190,134,58,Strength,1.63,537,19.7,2.3,4,2,2,Endurance,2
29,Male,1.85,92.1,26.91,191,137,55,Strength,0.88,503,20.0,2.3,4,2,2,Muscle Gain,1
57,Female,1.65,60.8,22.33,163,113,53,Strength,1.8,699,15.5,2.7,4,2,2,Weight Loss,0
54,Female,1.61,56.0,21.6,166,112,64,Cardio,1.6,695,21.2,2.0,2,1,0,Maintenance,4
39,Female,1.53,58.7,25.08,181,76,67,Yoga,0.92,163,19.9,4.5,2,1,3,Endurance,2
42,Male,1.74,112.4,37.13,178,132,59,Cardio,1.8,1596,13.3,3.0,4,2,0,Muscle Gain,1
34,Female,1.53,52.9,22.6,186,129,57,Strength,1.22,419,12.7,1.8,3,3,2,Muscle Gain,1
32,Female,1.64,69.5,25.84,188,80,61,Yoga,1.44,298,21.6,1.7,4,2,3,Weight Loss,0
51,Male,1.84,55.3,16.33,169,120,62,Cardio,1.5,622,18.1,3.1,4,2,0,Weight Loss,0
18,Male,1.71,78.9,26.98,202,185,56,HIIT,2.01,1757,16.1,2.9,2,3,1,Endurance,2
23,Male,1.73,75.9,25.36,197,176,62,HIIT,1.78,1320,5.0,2.0,2,3,1,Maintenance,4
18,Male,1.7,57.0,19.72,202,182,67,HIIT,1.44,827,22.4,2.8,5,1,1,Muscle Gain,1
26,Male,1.66,84.0,30.48,194,149,67,Cardio,1.79,1124,17.8,2.9,3,1,0,Muscle Gain,1
60,Female,1.58,64.0,25.64,160,125,56,HIIT,1.63,1070,11.9,2.6,3,3,1,Maintenance,4
42,Male,1.71,61.0,20.86,178,72,57,Yoga,1.48,296,19.2,2.6,2,3,3,Endurance,2
18,Male,1.67,99.8,35.78,202,140,71,Cardio,1.0,745,18.0,3.7,4,1,0,Flexibility,3
29,Male,1.6,90.4,35.31,191,139,55,Cardio,1.49,1028,17.1,2.6,2,3,0,Flexibility,3
18,Male,1.8,76.4,23.58,202,129,57,Strength,0.91,392,9.2,3.1,3,2,2,Maintenance,4
22,Male,1.74,107.8,35.61,198,148,51,Cardio,1.1,898,21.2,1.3,4,1,0,Weight Loss,0
37,Male,1.76,99.2,32.02,183,158,54,HIIT,1.22,1311,11.1,2.6,5,1,1,Endurance,2
26,Male,1.78,60.3,19.03,194,131,69,Cardio,1.17,588,13.3,2.5,4,3,0,Muscle Gain,1
37,Female,1.71,74.9,25.61,183,136,59,Cardio,1.44,765,14.3,2.3,2,1,0,Muscle Gain,1
21,Male,1.75,75.7,24.72,199,84,68,Yoga,1.29,310,24.8,3.0,3,1,3,Weight Loss,0
27,Male,1.64,45.0,16.73,193,167,66,HIIT,1.42,592,22.2,2.7,3,3,1,Flexibility,3
49,Male,1.74,92.5,30.55,171,69,55,Yoga,1.38,396,14.7,2.9,5,3,3,Weight Loss,0
18,Male,1.76,85.2,27.51,202,145,47,Cardio,1.98,1199,13.7,2.5,5,3,0,Muscle Gain,1
37,Male,1.58,69.9,28.0,183,82,59,Yoga,2.21,472,21.5,2.0,4,3,3,Weight Loss,0
21,Male,1.85,87.0,25.42,199,165,46,HIIT,1.22,1085,21.1,2.4,5,2,1,Muscle Gain,1
24,Female,1.62,59.8,22.79,196,172,65,HIIT,1.25,753,8.8,3.1,3,2,1,Muscle Gain,1
51,Female,1.68,78.5,27.81,169,121,67,Cardio,1.28,759,14.3,3.0,4,1,0,Muscle Gain,1
35,Female,1.53,54.4,23.24,185,132,63,Cardio,1.15,470,21.6,2.2,4,1,0,Endurance,2
32,Male,1.88,66.2,18.73,188,162,46,HIIT,1.15,716,17.2,2.3,3,2,1,Muscle Gain,1
46,Male,1.77,60.3,19.25,174,72,53,Yoga,1.85,287,16.3,3.1,5,2,3,Maintenance,4
36,Female,1.59,66.5,26.3,184,122,58,Strength,1.29,517,12.7,3.8,4,2,2,Flexibility,3
39,Female,1.7,61.2,21.18,181,155,60,HIIT,2.33,1272,18.2,3.1,3,3,1,Endurance,2
50,Female,1.57,65.2,26.45,170,67,79,Yoga,1.77,317,20.7,3.3,4,1,3,Muscle Gain,1
30,Female,1.63,60.1,22.62,190,79,52,Yoga,1.03,166,18.6,2.0,4,1,3,Endurance,2
28,Female,1.67,45.0,16.14,192,177,61,HIIT,1.34,685,20.2,2.8,3,1,1,Flexibility,3
19,Male,1.71,109.1,37.31,201,144,62,Cardio,1.57,1117,18.6,3.3,3,2,0,Weight Loss,0
44,Male,1.94,69.8,18.55,176,153,48,HIIT,1.53,1017,27.4,2.4,4,2,1,Flexibility,3
34,Female,1.61,64.6,24.92,186,127,63,Strength,1.8,780,17.8,2.1,3,3,2,Endurance,2
42,Male,1.61,62.4,24.07,178,161,61,HIIT,0.97,600,8.5,2.6,5,1,1,Endurance,2
42,Male,1.82,75.9,22.91,178,124,49,Cardio,1.83,861,10.5,3.3,3,3,0,Weight Loss,0
42,Female,1.68,53.4,18.92,178,126,58,Strength,1.36,452,14.8,2.4,3,2,2,Maintenance,4
22,Male,1.87,60.3,17.24,198,79,61,Yoga,1.65,305,16.2,2.7,4,3,3,Muscle Gain,1
18,Male,1.67,64.2,23.02,202,78,52,Yoga,1.41,277,11.8,1.6,3,3,3,Endurance,2
30,Female,1.55,67.4,28.05,190,121,66,Strength,1.23,491,19.0,2.4,2,1,2,Endurance,2
26,Male,1.7,69.5,24.05,194,167,66,HIIT,0.69,481,31.4,2.7,4,1,1,Maintenance,4
32,Female,1.54,74.5,31.41,188,135,60,Strength,1.2,566,14.3,2.7,2,1,2,Maintenance,4
34,Male,1.78,116.9,36.9,186,131,53,Strength,1.46,910,15.7,3.2,4,2,2,Flexibility,3
40,Male,1.78,82.5,26.04,180,75,56,Yoga,1.33,311,17.6,2.3,3,2,3,Muscle Gain,1
40,Female,1.68,45.0,15.94,180,162,76,HIIT,1.31,614,24.7,2.4,4,1,1,Muscle Gain,1
25,Male,1.71,88.4,30.23,195,79,62,Yoga,1.06,276,19.7,2.5,4,1,3,Maintenance,4
39,Male,1.68,103.6,36.71,181,75,57,Yoga,1.91,638,19.9,2.6,4,2,3,Weight Loss,0
34,Male,1.78,76.7,24.21,186,120,68,Strength,0.9,406,22.1,3.0,3,2,2,Maintenance,4
18,Female,1.73,55.9,18.68,202,150,49,Cardio,1.36,520,10.1,2.8,3,3,0,Maintenance,4
32,Male,1.77,88.9,28.38,188,83,52,Yoga,0.81,238,26.0,3.2,3,1,3,Flexibility,3
28,Male,1.6,75.7,29.57,192,135,56,Cardio,1.22,563,29.2,2.6,4,1,0,Endurance,2
38,Male,1.76,102.4,33.06,182,126,55,Strength,1.41,1052,22.4,3.1,4,1,2,Muscle Gain,1
46,Female,1.5,83.4,37.07,174,114,57,Strength,1.55,688,18.6,1.8,5,2,2,Weight Loss,0
52,Female,1.77,71.9,22.95,168,118,59,Strength,1.04,440,29.1,2.6,3,1,2,Muscle Gain,1
25,Female,1.63,66.0,24.84,195,128,66,Strength,1.23,471,13.5,3.1,2,1,2,Endurance,2
24,Female,1.66,96.0,34.84,196,164,58,HIIT,1.52,1500,13.9,3.0,3,3,1,Flexibility,3
26,Female,1.78,53.5,16.89,194,184,58,HIIT,1.58,861,13.0,2.1,3,2,1,Flexibility,3
36,Male,1.84,81.0,23.92,184,72,54,Yoga,1.47,378,17.6,2.0,3,3,3,Muscle Gain,1
18,Male,1.89,73.5,20.58,202,142,49,Strength,1.81,708,18.8,3.2,3,1,2,Weight Loss,0
24,Male,1.71,94.6,32.35,196,138,57,Cardio,1.21,910,18.8,3.4,4,3,0,Weight Loss,0
18,Male,1.79,88.2,27.53,202,84,68,Yoga,1.31,311,16.6,2.0,3,2,3,Weight Loss,0
29,Male,1.89,75.8,21.22,191,80,54,Yoga,1.88,387,21.8,2.2,4,3,3,Weight Loss,0
29,Female,1.65,83.9,30.82,191,148,45,Cardio,1.62,942,17.8,2.8,3,3,0,Flexibility,3
50,Male,1.75,70.5,23.02,170,146,55,HIIT,1.1,786,18.2,1.6,3,2,1,Muscle Gain,1
18,Female,1.57,60.2,24.42,202,146,54,Strength,1.36,482,21.4,3.9,3,3,2,Weight Loss,0
29,Male,1.8,81.0,25.0,191,130,60,Strength,1.46,702,17.2,3.6,3,2,2,Weight Loss,0
31,Female,1.71,62.6,21.41,189,141,64,Cardio,1.15,571,19.0,2.5,3,1,0,Weight Loss,0
24,Male,1.87,70.3,20.1,196,143,55,Cardio,1.51,754,17.3,2.3,4,2,0,Endurance,2
39,Male,1.67,87.7,31.45,181,113,53,Strength,1.27,714,5.0,2.4,2,2,2,Endurance,2
18,Female,1.64,45.0,16.73,202,134,63,Strength,1.73,469,21.2,2.3,4,1,2,Flexibility,3
30,Male,1.78,77.6,24.49,190,139,65,Cardio,0.84,464,18.6,2.9,2,1,0,Weight Loss,0
32,Male,1.69,70.3,24.61,188,159,64,HIIT,1.46,998,18.5,3.2,2,2,1,Weight Loss,0
40,Male,1.88,78.1,22.1,180,72,54,Yoga,1.44,369,25.0,3.0,5,2,3,Flexibility,3
51,Female,1.7,75.5,26.12,169,150,61,HIIT,1.56,1291,21.6,2.7,3,1,1,Weight Loss,0
35,Male,1.82,82.9,25.03,185,81,46,Yoga,1.41,364,21.2,2.7,3,3,3,Weight Loss,0
25,Female,1.66,52.9,19.2,195,143,51,Cardio,1.84,732,12.2,2.3,4,3,0,Muscle Gain,1
36,Male,1.78,70.9,22.38,184,163,80,HIIT,1.31,881,16.9,2.9,3,1,1,Weight Loss,0
18,Female,1.61,86.2,33.25,202,173,58,HIIT,1.3,951,9.4,2.8,4,1,1,Maintenance,4
18,Male,1.81,85.4,26.07,202,143,58,Cardio,2.12,1341,14.0,2.7,4,2,0,Muscle Gain,1
45,Male,1.68,89.5,31.71,175,160,58,HIIT,1.44,1304,26.6,1.8,4,1,1,Flexibility,3
38,Female,1.59,94.7,37.46,182,74,64,Yoga,1.69,466,19.8,3.0,4,3,3,Muscle Gain,1
29,Female,1.58,54.7,21.91,191,79,53,Yoga,1.41,203,15.2,2.9,4,2,3,Endurance,2
46,Female,1.67,54.9,19.69,174,118,57,Strength,1.63,518,24.0,2.6,4,2,2,Muscle Gain,1
19,Female,1.51,70.4,30.88,201,130,49,Strength,1.69,749,10.1,2.0,3,3,2,Endurance,2
33,Male,1.72,78.2,26.43,187,135,72,Cardio,1.16,671,14.9,3.1,5,1,0,Weight Loss,0
51,Female,1.55,55.9,23.27,169,124,61,Cardio,1.27,584,25.8,3.0,4,2,0,Muscle Gain,1
18,Male,1.74,87.4,28.87,202,184,48,HIIT,1.64,1451,14.3,2.5,4,2,1,Maintenance,4
18,Female,1.55,92.8,38.63,202,86,69,Yoga,1.65,451,24.0,2.5,5,1,3,Weight Loss,0
28,Male,1.68,71.8,25.44,192,78,60,Yoga,1.86,412,7.9,2.7,5,2,3,Maintenance,4
50,Male,1.88,79.5,22.49,170,116,76,Strength,1.56,734,14.9,3.5,3,2,2,Endurance,2
48,Female,1.52,82.1,35.53,172,121,58,Strength,1.25,559,20.0,2.2,4,2,2,Weight Loss,0
52,Female,1.68,45.0,15.94,168,118,53,Strength,1.27,374,12.6,2.6,4,3,2,Endurance,2
52,Female,1.59,57.7,22.82,168,120,53,Cardio,1.06,500,24.6,3.3,2,2,0,Muscle Gain,1
33,Female,1.56,48.8,20.05,187,130,60,Strength,1.46,376,11.0,3.7,2,2,2,Flexibility,3
29,Male,1.77,71.1,22.69,191,132,68,Cardio,1.45,797,20.0,3.0,4,1,0,Weight Loss,0
31,Male,1.87,60.5,17.3,189,163,64,HIIT,1.36,789,13.8,1.5,4,2,1,Endurance,2
18,Male,1.73,70.7,23.62,202,177,64,HIIT,1.56,845,22.3,3.0,4,1,1,Weight Loss,0
38,Male,1.83,92.0,27.47,182,128,61,Cardio,1.35,994,24.3,2.3,2,1,0,Maintenance,4
29,Male,1.74,86.5,28.57,191,131,51,Strength,1.45,716,25.5,2.6,3,3,2,Muscle Gain,1
27,Male,1.71,81.0,27.7,193,157,82,HIIT,1.48,1302,17.8,3.5,5,1,1,Muscle Gain,1
36,Male,1.67,68.7,24.63,184,157,62,HIIT,1.68,1268,20.8,3.4,2,1,1,Endurance,2
42,Male,1.7,82.0,28.37,178,118,77,Strength,1.28,621,22.4,1.5,4,1,2,Weight Loss,0
26,Male,1.78,84.5,26.67,194,142,72,Strength,1.36,690,18.3,2.8,2,1,2,Muscle Gain,1
54,Female,1.61,45.0,17.36,166,119,46,Cardio,1.21,455,19.2,3.1,3,2,0,Maintenance,4
24,Male,1.74,74.4,24.57,196,79,67,Yoga,1.37,313,18.8,1.7,3,1,3,Weight Loss,0
25,Female,1.68,45.0,15.94,195,139,64,Cardio,1.07,380,18.3,1.1,2,1,0,Muscle Gain,1
32,Male,1.88,65.2,18.45,188,120,59,Strength,1.54,644,23.7,2.4,5,3,2,Weight Loss,0
52,Female,1.68,76.5,27.1,168,113,67,Strength,1.33,606,20.9,2.5,4,2,2,Flexibility,3
25,Male,1.8,86.0,26.54,195,132,55,Cardio,1.36,917,20.5,2.1,4,1,0,Endurance,2
49,Female,1.64,64.0,23.8,171,116,75,Strength,1.07,389,15.2,2.4,2,1,2,Endurance,2
57,Male,1.7,76.4,26.44,163,120,59,Cardio,1.71,1131,16.6,3.2,2,2,0,Muscle Gain,1
22,Female,1.6,84.5,33.01,198,131,65,Strength,1.88,1132,25.9,2.5,2,2,2,Maintenance,4
36,Male,1.73,67.5,22.55,184,121,60,Strength,1.57,656,21.8,3.5,3,2,2,Flexibility,3
24,Male,1.67,95.9,34.39,196,144,54,Cardio,1.55,988,9.4,1.2,5,1,0,Maintenance,4
29,Male,1.82,75.2,22.7,191,121,65,Strength,1.28,569,19.5,2.0,2,1,2,Weight Loss,0
35,Male,1.71,69.3,23.7,185,135,64,Cardio,1.55,720,6.5,2.0,3,3,0,Weight Loss,0
18,Male,1.77,79.9,25.5,202,83,59,Yoga,1.65,434,14.8,2.1,2,2,3,Muscle Gain,1
31,Female,1.76,55.0,17.76,189,120,65,Strength,1.3,432,12.5,2.5,3,2,2,Weight Loss,0
26,Male,1.64,69.5,25.84,194,173,74,HIIT,1.17,777,23.6,2.5,3,1,1,Muscle Gain,1
55,Female,1.66,45.0,16.33,165,122,63,Cardio,1.88,717,16.2,2.3,4,2,0,Muscle Gain,1
26,Male,1.83,75.4,22.51,194,129,55,Strength,1.41,602,24.1,2.9,5,1,2,Weight Loss,0
29,Male,1.69,102.9,36.03,191,80,58,Yoga,1.18,409,17.5,2.8,4,2,3,Muscle Gain,1
25,Female,1.72,48.6,16.43,195,188,57,HIIT,1.16,573,15.5,1.6,4,2,1,Muscle Gain,1
34,Female,1.69,58.3,20.41,186,137,50,Cardio,1.61,710,14.2,2.3,3,2,0,Weight Loss,0
23,Male,1.73,81.7,27.3,197,150,66,Cardio,1.5,904,27.3,2.0,4,2,0,Maintenance,4
44,Female,1.53,64.6,27.6,176,121,61,Strength,1.66,658,18.0,2.3,2,3,2,Muscle Gain,1
40,Male,1.7,56.1,19.41,180,167,49,HIIT,1.11,691,19.7,3.1,2,1,1,Flexibility,3
44,Male,1.76,80.2,25.89,176,135,61,Cardio,1.33,777,10.5,2.5,5,2,0,Flexibility,3
35,Female,1.69,77.6,27.17,185,141,53,Cardio,1.7,861,18.2,2.4,5,3,0,Maintenance,4
49,Male,1.78,106.7,33.68,171,114,54,Strength,1.26,750,18.7,1.6,4,3,2,Weight Loss,0
34,Male,1.85,95.9,28.02,186,125,57,Strength,1.64,897,15.2,3.7,4,1,2,Muscle Gain,1
46,Female,1.62,45.1,17.18,174,125,55,Cardio,1.16,405,11.9,3.4,5,3,0,Flexibility,3
33,Female,1.75,83.9,27.4,187,77,58,Yoga,1.31,387,21.4,2.3,2,2,3,Weight Loss,0
24,Female,1.63,68.1,25.63,196,78,69,Yoga,1.59,378,5.0,2.3,3,2,3,Endurance,2
27,Female,1.66,45.0,16.33,193,76,58,Yoga,1.24,171,11.0,2.9,2,1,3,Weight Loss,0
35,Male,1.75,79.2,25.86,185,141,64,Cardio,0.67,374,22.7,2.6,3,1,0,Weight Loss,0
41,Female,1.7,72.0,24.91,179,151,45,HIIT,1.62,1296,21.4,2.9,5,3,1,Weight Loss,0
42,Female,1.73,68.6,22.92,178,127,56,Cardio,1.74,803,19.5,3.2,4,2,0,Endurance,2
19,Female,1.56,79.7,32.75,201,134,68,Cardio,0.93,498,16.9,2.0,5,1,0,Endurance,2
29,Male,1.75,87.4,28.54,191,133,48,Strength,1.31,758,26.7,2.9,5,2,2,Weight Loss,0
31,Female,1.5,87.4,38.84,189,139,48,Cardio,1.01,744,10.5,3.1,2,1,0,Muscle Gain,1
29,Male,1.66,96.9,35.16,191,135,65,Cardio,1.95,1518,13.3,3.3,4,3,0,Muscle Gain,1
32,Male,1.75,96.5,31.51,188,132,50,Strength,1.4,745,11.9,1.7,3,2,2,Muscle Gain,1
52,Male,1.74,87.9,29.03,168,112,67,Strength,1.3,628,16.7,2.8,5,2,2,Endurance,2
33,Female,1.55,65.6,27.3,187,81,62,Yoga,1.26,215,23.7,2.5,2,2,3,Maintenance,4
43,Male,1.87,86.1,24.62,177,128,54,Cardio,1.72,1026,15.2,1.8,4,1,0,Flexibility,3
18,Male,1.76,87.4,28.22,202,142,68,Strength,1.2,634,11.7,2.2,4,2,2,Maintenance,4
28,Female,1.68,45.0,15.94,192,132,62,Strength,0.93,248,20.4,3.6,4,1,2,Endurance,2
50,Male,1.71,66.5,22.74,170,71,68,Yoga,0.93,178,20.9,2.4,3,2,3,Maintenance,4
18,Male,1.71,70.0,23.94,202,140,45,Cardio,1.34,625,23.5,2.4,2,3,0,Muscle Gain,1
22,Female,1.64,79.4,29.52,198,177,65,HIIT,1.11,873,21.7,2.1,4,1,1,Muscle Gain,1
28,Female,1.65,47.4,17.41,192,117,57,Strength,1.44,414,18.8,1.7,3,1,2,Weight Loss,0
32,Female,1.51,58.5,25.66,188,127,57,Strength,0.73,289,13.5,2.2,5,1,2,Endurance,2
21,Female,1.69,45.0,15.76,199,134,45,Strength,1.45,386,19.1,3.2,4,2,2,Weight Loss,0
42,Male,1.76,74.6,24.08,178,128,58,Cardio,1.44,802,13.3,2.3,3,2,0,Endurance,2
20,Female,1.62,58.1,22.14,200,80,57,Yoga,1.56,233,8.3,2.7,4,1,3,Maintenance,4
41,Male,1.74,63.8,21.07,179,119,60,Cardio,1.33,721,17.8,1.8,3,2,0,Muscle Gain,1
19,Female,1.61,72.5,27.97,201,174,57,HIIT,2.1,1665,7.5,3.0,5,3,1,Endurance,2
36,Female,1.66,55.6,20.18,184,127,57,Strength,1.92,622,11.8,3.2,3,1,2,Muscle Gain,1
19,Male,1.79,84.1,26.25,201,137,57,Strength,1.25,628,17.9,2.5,2,3,2,Maintenance,4
24,Male,1.73,86.4,28.87,196,133,47,Cardio,1.44,950,19.4,2.6,4,2,0,Maintenance,4
18,Female,1.73,63.2,21.12,202,152,45,Cardio,1.47,701,10.0,2.5,3,2,0,Endurance,2
18,Female,1.7,82.1,28.41,202,183,59,HIIT,1.74,1239,15.6,3.7,2,2,1,Muscle Gain,1
40,Male,1.73,87.6,29.27,180,119,57,Strength,1.05,605,21.6,3.3,4,1,2,Weight Loss,0
38,Male,1.67,66.3,23.77,182,127,51,Cardio,1.28,603,18.2,3.9,5,3,0,Weight Loss,0
33,Male,1.77,81.3,25.95,187,166,49,HIIT,1.03,794,16.2,2.8,3,1,1,Weight Loss,0
36,Female,1.76,47.5,15.33,184,151,64,HIIT,1.28,546,19.2,2.9,3,3,1,Flexibility,3
32,Male,1.76,48.6,15.69,188,133,55,Strength,1.55,453,7.3,1.4,3,2,2,Maintenance,4
34,Female,1.83,77.0,22.99,186,80,63,Yoga,1.21,273,17.2,3.5,4,2,3,Weight Loss,0
28,Female,1.56,49.2,20.22,192,137,48,Strength,1.88,518,10.4,1.7,4,2,2,Endurance,2
41,Female,1.62,64.9,24.73,179,117,54,Strength,1.38,512,12.6,1.5,4,1,2,Maintenance,4
50,Male,1.71,75.0,25.65,170,122,61,Cardio,1.64,849,15.7,3.3,5,2,0,Maintenance,4
34,Male,1.64,94.0,34.95,186,128,55,Cardio,1.43,1134,16.9,3.1,4,2,0,Weight Loss,0
47,Female,1.62,84.5,32.2,173,157,64,HIIT,0.99,831,15.0,2.6,2,2,1,Muscle Gain,1
54,Male,1.75,60.6,19.79,166,114,57,Strength,1.29,510,20.7,2.7,4,1,2,Weight Loss,0
18,Female,1.67,56.7,20.33,202,135,70,Strength,1.35,438,15.8,0.8,2,2,2,Muscle Gain,1
43,Female,1.79,45.0,14.04,177,73,50,Yoga,1.31,178,18.0,3.0,4,3,3,Maintenance,4
39,Male,1.71,91.3,31.22,181,125,70,Cardio,1.21,827,16.7,2.8,3,2,0,Flexibility,3
29,Male,1.61,91.1,35.15,191,119,65,Strength,1.23,738,15.9,3.2,4,2,2,Weight Loss,0
53,Female,1.75,45.0,14.69,167,115,65,Strength,1.23,370,25.9,1.8,2,1,2,Weight Loss,0
35,Male,1.78,84.2,26.57,185,133,57,Cardio,1.33,889,14.9,1.6,3,3,0,Flexibility,3
25,Male,1.88,93.7,26.51,195,139,55,Cardio,1.3,1018,16.1,2.5,3,2,0,Muscle Gain,1
38,Female,1.63,65.7,24.73,182,134,61,Strength,1.52,591,28.6,2.2,4,2,2,Flexibility,3
47,Female,1.52,49.6,21.47,173,116,47,Strength,1.8,569,11.3,2.6,4,3,2,Weight Loss,0
38,Female,1.64,65.2,24.24,182,169,57,HIIT,1.44,909,21.2,2.9,3,1,1,Muscle Gain,1
24,Male,1.75,88.9,29.03,196,171,58,HIIT,1.6,1531,15.4,2.7,4,3,1,Muscle Gain,1
34,Female,1.61,58.9,22.72,186,135,60,Cardio,1.17,490,15.7,3.3,4,2,0,Endurance,2
18,Male,1.74,93.8,30.98,202,90,59,Yoga,1.31,368,21.5,2.2,4,2,3,Muscle Gain,1
42,Female,1.68,68.0,24.09,178,116,60,Strength,1.36,608,20.6,1.8,4,1,2,Endurance,2
27,Female,1.73,64.1,21.42,193,169,54,HIIT,1.3,748,20.1,2.3,4,2,1,Endurance,2
37,Male,1.82,95.6,28.86,183,126,62,Strength,1.49,972,21.0,3.2,4,3,2,Weight Loss,0
45,Male,1.82,64.7,19.53,175,142,61,HIIT,0.87,556,19.5,3.8,4,2,1,Muscle Gain,1
19,Male,1.64,67.0,24.91,201,135,57,Strength,1.31,534,15.8,3.3,4,2,2,Endurance,2
53,Female,1.72,65.3,22.07,167,153,60,HIIT,1.29,894,13.5,2.8,2,1,1,Endurance,2
18,Male,1.71,60.1,20.55,202,181,58,HIIT,1.25,761,20.7,2.5,4,1,1,Weight Loss,0
18,Male,1.7,92.6,32.04,202,169,73,HIIT,1.28,1348,18.3,2.1,3,2,1,Endurance,2
39,Female,1.62,83.3,31.74,181,157,60,HIIT,1.02,883,11.5,3.6,4,1,1,Muscle Gain,1
30,Female,1.69,68.8,24.09,190,138,62,Cardio,1.31,608,26.4,2.6,5,1,0,Maintenance,4
32,Female,1.8,61.2,18.89,188,140,59,Cardio,2.06,1103,17.0,2.9,2,3,0,Weight Loss,0
37,Female,1.5,66.1,29.38,183,125,53,Cardio,0.79,406,12.5,3.1,3,2,0,Weight Loss,0
32,Male,1.73,96.3,32.18,188,80,65,Yoga,1.35,391,24.7,2.8,4,2,3,Endurance,2
22,Male,1.58,87.2,34.93,198,137,62,Strength,1.45,787,16.1,2.1,3,2,2,Flexibility,3
29,Male,1.79,88.2,27.53,191,133,59,Strength,1.35,743,24.2,2.7,2,2,2,Maintenance,4
30,Male,1.68,79.2,28.06,190,142,60,Cardio,1.33,819,24.0,4.0,3,1,0,Muscle Gain,1
35,Female,1.68,64.5,22.85,185,120,57,Strength,1.81,661,5.0,2.4,3,3,2,Muscle Gain,1
19,Female,1.66,45.0,16.33,201,154,58,Cardio,0.98,365,12.8,2.7,3,2,0,Weight Loss,0
32,Male,1.65,75.9,27.88,188,169,57,HIIT,1.98,1644,26.6,2.6,4,2,1,Weight Loss,0
25,Male,1.77,77.7,24.8,195,80,66,Yoga,1.32,300,20.7,2.6,5,1,3,Muscle Gain,1
19,Male,1.82,58.7,17.72,201,136,65,Strength,1.39,475,21.3,2.0,3,2,2,Weight Loss,0
23,Male,1.74,93.3,30.82,197,141,56,Cardio,1.04,759,23.1,3.6,3,1,0,Muscle Gain,1
38,Female,1.61,47.4,18.29,182,73,50,Yoga,0.91,151,27.8,4.2,2,1,3,Maintenance,4
37,Male,1.71,104.2,35.63,183,77,47,Yoga,1.57,529,11.9,3.1,2,2,3,Weight Loss,0
47,Male,1.88,77.6,21.96,173,151,56,HIIT,1.05,910,15.2,3.2,2,1,1,Weight Loss,0
42,Male,1.73,51.9,17.34,178,72,61,Yoga,1.69,295,23.5,3.1,3,1,3,Maintenance,4
44,Male,1.81,85.2,26.01,176,157,57,HIIT,0.8,737,21.1,1.3,3,2,1,Maintenance,4
29,Female,1.57,78.4,31.81,191,168,54,HIIT,1.52,1071,18.1,2.3,4,2,1,Flexibility,3
40,Male,1.75,74.0,24.16,180,77,60,Yoga,1.63,411,19.0,3.5,4,2,3,Weight Loss,0
57,Female,1.64,52.2,19.41,163,69,58,Yoga,1.29,221,21.7,3.6,4,1,3,Weight Loss,0
33,Male,1.7,64.8,22.42,187,133,67,Strength,1.96,728,23.4,2.3,3,2,2,Muscle Gain,1
18,Male,1.76,71.9,23.21,202,138,60,Strength,1.54,682,15.9,2.9,3,3,2,Maintenance,4
43,Male,1.7,86.8,30.03,177,156,70,HIIT,1.63,1483,17.2,1.8,3,1,1,Muscle Gain,1
36,Male,1.73,68.6,22.92,184,141,63,Cardio,1.27,565,21.4,3.3,4,2,0,Muscle Gain,1
50,Female,1.55,61.2,25.47,170,121,55,Cardio,1.67,797,16.0,2.8,5,2,0,Endurance,2
32,Female,1.55,57.6,23.98,188,139,63,Cardio,1.44,565,22.3,2.2,3,2,0,Weight Loss,0
42,Female,1.62,56.8,21.64,178,127,65,Cardio,1.33,563,20.4,2.5,2,2,0,Weight Loss,0
25,Male,1.76,80.0,25.83,195,142,67,Cardio,1.38,786,15.3,1.4,3,2,0,Muscle Gain,1
21,Male,1.82,84.8,25.6,199,133,56,Strength,1.32,645,17.0,3.8,3,2,2,Endurance,2
32,Female,1.68,50.8,18.0,188,172,51,HIIT,1.05,582,20.1,2.2,3,1,1,Muscle Gain,1
45,Female,1.65,70.3,25.82,175,74,75,Yoga,1.28,241,18.6,3.2,3,2,3,Endurance,2
22,Female,1.59,70.5,27.89,198,80,53,Yoga,0.91,222,9.6,3.5,2,3,3,Muscle Gain,1
55,Male,1.74,71.8,23.72,165,119,73,Cardio,0.61,359,22.9,2.8,5,1,0,Muscle Gain,1
27,Female,1.65,63.9,23.47,193,132,49,Cardio,1.5,791,12.9,2.4,4,2,0,Muscle Gain,1
31,Male,1.72,70.3,23.76,189,175,71,HIIT,1.37,1074,18.5,2.8,4,2,1,Weight Loss,0
32,Female,1.67,52.5,18.82,188,137,56,Cardio,1.64,689,12.7,1.9,2,2,0,Muscle Gain,1
34,Female,1.66,78.8,28.6,186,132,65,Strength,1.57,825,23.8,2.4,3,1,2,Weight Loss,0
35,Female,1.59,63.0,24.92,185,129,52,Strength,0.84,309,16.4,2.2,3,1,2,Maintenance,4
18,Male,1.87,111.9,32.0,202,80,65,Yoga,1.43,519,19.2,2.5,2,2,3,Maintenance,4
37,Female,1.51,72.9,31.97,183,116,65,Strength,1.1,470,18.5,3.2,5,2,2,Weight Loss,0
44,Female,1.65,45.3,16.64,176,126,59,Cardio,1.56,503,22.5,0.9,2,1,0,Muscle Gain,1
32,Female,1.65,51.4,18.88,188,161,67,HIIT,1.5,807,22.5,4.1,2,2,1,Muscle Gain,1
44,Male,1.78,97.0,30.61,176,128,60,Cardio,1.58,1116,9.8,3.4,3,2,0,Maintenance,4
18,Male,1.85,80.5,23.52,202,79,65,Yoga,1.37,316,17.6,2.4,4,1,3,Maintenance,4
46,Male,1.74,72.4,23.91,174,114,64,Strength,0.83,339,5.0,3.0,4,1,2,Maintenance,4
38,Female,1.72,61.0,20.62,182,157,60,HIIT,0.81,470,23.4,2.4,4,2,1,Endurance,2
